stationName,crsCode,city
ABBEY WOOD,ABW,Abbey Wood
ABER,ABE,Aber
ABERCYNON,ACY,Abercynon
ABERDARE,ABA,Aberdare
ABERDEEN,ABD,Aberdeen
ABERDOUR,AUR,Aberdour
ABERDOVEY,AVY,Aberdovey
ABERERCH,ABH,Aberech
ABERGAVENNY,AGV,Abergavenny
ABERGELE & PENSARN,AGL,Pensarn
ABERYSTWYTH,AYW,Aberystwyth
ACCRINGTON,ACR,Accrington
ACHANALT,AAT,Achanalt
ACHNASHEEN,ACN,Achnasheen
ACHNASHELLACH,ACH,Achnashellach
ACKLINGTON,ACK,Acklington
ACLE,ACL,Acle
ACOCKS GREEN,ACG,Acocks Green
ACTON BRIDGE,ACB,Acton Bridge
ACTON CENTRAL,ACC,Acton
ACTON MAIN LINE,AML,Acton
ADDERLEY PARK BIRMINGHAM,ADD,Birmingham
ADDIEWELL,ADW,Addiewell
ADDLESTONE,ASN,Addlestone
ADISHAM,ADM,Adisham
ADLINGTON (CHESHIRE),ADC,Adlington
ADLINGTON (LANCASHIRE),ADL,Adlington
ADWICK,AWK,Adwick-Le-Street
AIGBURTH,AIG,Aigburth
AINSDALE,ANS,Ainsdale
AINTREE,AIN,Aintree
AIRBLES,AIR,Motherwell
AIRDRIE,ADR,Airdrie
ALBANY PARK,AYP,Bexley
ALBRIGHTON,ALB,Albrighton
ALDERLEY EDGE,ALD,Alderley Edge
ALDERMASTON,AMT,Aldermaston
ALDERSHOT,AHT,Aldershot
ALDRINGTON,AGT,Aldrington
ALEXANDRA PALACE,AAP,Alexandra Park
ALEXANDRA PARADE GLASGOW,AXP,Glasgow
ALEXANDRIA,ALX,Alexandria
ALFRETON,ALF,Alfreton
ALLENS WEST,ALW,Eaglescliffe
ALLOA,ALO,Alloa
ALNESS,ASS,Alness
ALNMOUTH,ALM,Lesbury
ALRESFORD (ESSEX),ALR,Alresford
ALSAGER,ASG,Alsager
ALTHORNE,ALN,Althorne
ALTHORPE,ALP,Althorpe
ALTON,AON,Alton
ALTRINCHAM,ALT,Altrincham
ALVECHURCH,ALV,Alvechurch
AMBERGATE,AMB,Ambergate
AMBERLEY,AMY,Amberley
AMERSHAM LT,AMR,Amersham
AMMANFORD,AMF,Ammanford
ANCASTER,ANC,Ancaster
ANDERSTON,AND,Anderston
ANDOVER,ADV,Andover
ANERLEY,ANZ,Anerley
ANGMERING,ANG,East Preston
ANNAN,ANN,Annan
ANNIESLAND GLASGOW,ANL,Anniesland
ANSDELL & FAIRHAVEN,AFV,Ansdell
APPERLEY BRIDGE,APY,Apperley Bridge
APPLEBY,APP,Appleby-In-Westmorland
APPLEDORE,APD,Appledore
APPLEFORD,APF,Appleford
APPLEY BRIDGE,APB,Appley Bridge
APSLEY,APS,Apsley
ARBROATH,ARB,Arbroath
ARDGAY,ARD,Ardgay
ARDLUI,AUI,Ardlui
ARDROSSAN HARBOUR,ADS,Ardrossan
ARDROSSAN SOUTH BEACH,ASB,Ardrossan
ARDROSSAN TOWN,ADN,Ardrossan
ARDWICK,ADK,Manchester
ARGYLE STREET GLASGOW,AGS,Glasgow
ARISAIG,ARG,Arisaig
ARLESEY,ARL,Arlesey
ARMADALE,ARM,Armadale
ARMATHWAITE,AWT,Armathwaite
ARNSIDE,ARN,Arnside
ARRAM,ARR,Arram
ARROCHAR & TARBET,ART,Arrochar & Tarbet
ARUNDEL,ARU,Arundel
ASCOT,ACT,Ascot
ASCOTT-UNDER-WYCHWOOD,AUW,Ascott-Under-Wychwood
ASH,ASH,Ash
ASH VALE,AHV,Ash Vale
ASHBURYS,ABY,Manchester
ASHCHURCH,ASC,Ashchurch
ASHFIELD,ASF,Cowlairs
ASHFORD (KENT),AFK,Ashford
ASHFORD (MIDDLESEX),AFS,Ashford
ASHINGTON,ASL,Ashington
ASHLEY,ASY,Ashley
ASHLEY DOWN,ASD,Ashley Down
ASHTEAD,AHD,Ashtead
ASHTON-UNDER-LYNE,AHN,Ashton-Under-Lyne
ASHURST KENT,AHS,Ashurst
ASHURST NEW FOREST,ANF,Ashurst
ASHWELL & MORDEN,AWM,Odsey
ASKAM,ASK,Askam-In-Furness
ASLOCKTON,ALK,Aslockton
ASPATRIA,ASP,Aspatria
ASPLEY GUISE,APG,Aspley Guise
ASTON BIRMINGHAM,AST,Aston
ATHERSTONE,ATH,Atherstone
ATHERTON,ATN,Atherton
ATTADALE,ATT,Attadale
ATTENBOROUGH,ATB,Attenborough
ATTLEBOROUGH,ATL,Attleborough
AUCHINLECK,AUK,Auchinleck
AUDLEY END,AUD,Audley End
AUGHTON PARK,AUG,Ormskirk
AVIEMORE,AVM,Aviemore
AVONCLIFF,AVF,Avoncliff
AVONMOUTH,AVN,Avonmouth
AXMINSTER,AXM,Axminster
AYLESBURY,AYS,Aylesbury
AYLESBURY VALE PARKWAY,AVP,Aylesbury
AYLESFORD,AYL,Aylesford
AYLESHAM,AYH,Aylesham
AYR,AYR,Ayr
BACHE,BAC,Bache
BAGLAN,BAJ,Baglan
BAGSHOT,BAG,Bagshot
BAILDON,BLD,Baildon
BAILLIESTON,BIO,Baillieston
BALCOMBE,BAB,Balcombe
BALDOCK,BDK,Baldock
BALHAM,BAL,Balham
BALLOCH,BHC,Balloch
BALMOSSIE,BSI,Balmossie
BAMBER BRIDGE,BMB,Bamber Bridge
BAMFORD,BAM,Bamford
BANAVIE,BNV,Banavie
BANBURY,BAN,Banbury
BANGOR (GWYNEDD),BNG,Bangor
BANK HALL,BAH,Liverpool
BANSTEAD,BAD,Banstead
BARASSIE,BSS,Barassie
BARDON MILL,BLL,Bardon Mill
BARE LANE,BAR,Morecambe
BARGEDDIE,BGI,Bargeddie
BARGOED,BGD,Bargoed
BARKING,BKG,Barking
BARKING RIVERSIDE,BGV,Barking
BARLASTON,BRT,Barlaston
BARMING,BMG,East Barming
BARMOUTH,BRM,Barmouth
BARNEHURST,BNH,Barnehurst
BARNES,BNS,Barnes
BARNES BRIDGE,BNI,Barnes
BARNETBY,BTB,Barnetby
BARNHAM,BAA,Barnham
BARNHILL GLASGOW,BNL,Barnhill
BARNSLEY,BNY,Barnsley
BARNSTAPLE,BNP,Barnstaple
BARNT GREEN,BTG,Barnt Green
BARRHEAD,BRR,Barrhead
BARRHILL,BRL,Barrhill
BARROW HAVEN,BAV,Barrow Haven
BARROW-IN-FURNESS,BIF,Barrow-In-Furness
BARROW-UPON-SOAR,BWS,Barrow-Upon-Soar
BARRY,BRY,Barry
BARRY DOCKS,BYD,Barry
BARRY ISLAND,BYI,Barry
BARRY LINKS,BYL,Carnoustie
BARTON-ON-HUMBER,BAU,Barton-On-Humber
BASILDON,BSO,Basildon
BASINGSTOKE,BSK,Basingstoke
BAT & BALL,BBL,Sevenoaks
BATH SPA,BTH,Bath Spa
BATHGATE,BHG,Bathgate
BATLEY,BTL,Batley
BATTERSBY,BTT,Middlesbrough
BATTERSEA PARK LONDON,BAK,Battersea
BATTLE,BAT,Battle
BATTLESBRIDGE,BLB,Battlesbridge
BAYFORD,BAY,Bayford
BEACONSFIELD,BCF,Beaconsfield
BEARLEY,BER,Bearley
BEARSDEN,BRN,Bearsden
BEARSTED,BSD,Bearsted
BEASDALE,BSL,Druimindarroch
BEAULIEU PARK,BPA,Beaulieu Park
BEAULIEU ROAD,BEU,Beaulieu
BEAULY,BEL,Beauly
BEBINGTON,BEB,Bebington
BECCLES,BCC,Beccles
BECKENHAM HILL,BEC,Beckenham Hill
BECKENHAM JUNCTION,BKJ,Beckenham
BEDFORD MIDLAND,BDM,Bedford
BEDFORD ST JOHNS,BSJ,Bedford
BEDHAMPTON,BDH,Bedhampton
BEDLINGTON,BEJ,Bedlington
BEDMINSTER,BMT,Bedminster
BEDWORTH,BEH,Bedworth
BEDWYN,BDW,Great Bedwyn
BEESTON,BEE,Beeston
BEKESBOURNE,BKS,Bekesbourne
BELLE VUE,BLV,Belle Vue
BELLGROVE GLASGOW,BLG,Bellgrove
BELLINGHAM,BGM,Bellingham
BELLSHILL,BLH,Bellshill
BELMONT SURREY,BLM,Belmont
BELPER,BLP,Belper
BELTRING,BEG,Beltring
BELVEDERE,BVD,Belvedere
BEMPTON,BEM,Bempton
BEN RHYDDING,BEY,Ben Rhydding
BENFLEET,BEF,Benfleet
BENTHAM,BEN,Bentham
BENTLEY,BTY,Bentley
BENTLEY (S. YORKS),BYK,Bentley
BERE ALSTON,BAS,Bere Alston
BERE FERRERS,BFE,Bere Ferrers
BERKHAMSTED,BKM,Berkhamsted
BERKSWELL,BKW,Berkswell
BERMUDA PARK,BEP,Bermuda Park
BERNEY ARMS,BYA,Norfolk
BERRY BROW,BBW,Huddersfield
BERRYLANDS,BRS,Berrylands
BERWICK,BRK,Berwick
BERWICK-UPON-TWEED,BWK,Berwick-Upon-Tweed
BESCAR LANE,BES,Scarsbrick
BESCOT STADIUM,BSC,Bescot
BETCHWORTH,BTO,Betchworth
BETHNAL GREEN,BET,Bethnal Green
BETWS-Y-COED,BYC,Betws-Y-Coed
BEVERLEY,BEV,Beverley
BEXHILL,BEX,Bexhill
BEXLEY,BXY,Bexley
BEXLEYHEATH,BXH,Bexleyheath
BICESTER,BCS,Bicester North
BICESTER VILLAGE,BIT,Bicester Village
BICKLEY,BKL,Bickley
BIDSTON,BID,Bidston
BIGGLESWADE,BIW,Biggleswade
BILBROOK,BBK,Bilbrook
BILLERICAY,BIC,Billericay
BILLINGHAM ON TEES,BIL,Billingham
BILLINGSHURST,BIG,Billingshurst
BINGHAM,BIN,Bingham
BINGLEY,BIY,Bingley
BIRCHGROVE,BCG,Birchgrove
BIRCHINGTON-ON-SEA,BCH,Birchington-On-Sea
BIRCHWOOD,BWD,Birchwood
BIRKBECK,BIK,Birkbeck
BIRKDALE,BDL,Birkdale
BIRKENHEAD CENTRAL,BKC,Birkenhead
BIRKENHEAD HAMILTON SQUARE,BKQ,Birkenhead
BIRKENHEAD NORTH,BKN,Birkenhead
BIRKENHEAD PARK,BKP,Birkenhead
BIRMINGHAM BORDESLEY,BBS,Bordesley
BIRMINGHAM INTERNATIONAL,BHI,Birmingham International
BIRMINGHAM MOOR STREET,BMO,Birmingham
BIRMINGHAM NEW STREET,BHM,Birmingham
BIRMINGHAM SNOW HILL,BSW,Birmingham
BISHOP AUCKLAND,BIA,Bishop Auckland
BISHOPBRIGGS,BBG,Bishopbriggs Cross
BISHOPS STORTFORD,BIS,Bishops Stortford
BISHOPSTONE,BIP,Bishopstone
BISHOPTON,BPT,Bishopton
BITTERNE,BTE,Bitterne
BLACKBURN,BBN,Blackburn
BLACKFRIARS LONDON,BFR,London
BLACKHEATH,BKH,Blackheath
BLACKHORSE ROAD,BHO,Walthamstow
BLACKPOOL NORTH,BPN,Blackpool
BLACKPOOL PLEASURE BEACH,BPB,Blackpool
BLACKPOOL SOUTH,BPS,Blackpool
BLACKRIDGE,BKR,Blackridge
BLACKROD,BLK,Blackrod
BLACKWATER,BAW,Blackwater
BLAENAU FFESTINIOG,BFF,Blaenau Ffestiniog
BLAIR ATHOLL,BLA,Blair Atholl
BLAIRHILL COATBRIDGE,BAI,Blairhill
BLAKE STREET,BKT,Sutton Coldfield
BLAKEDOWN,BKD,Blakedown
BLANTYRE,BLT,Blantyre
BLAYDON,BLO,Blaydon-On-Tyne
BLEASBY,BSB,Bleasby
BLETCHLEY,BLY,Bletchley
BLOXWICH,BLX,Bloxwich
BLOXWICH NORTH,BWN,Bloxwich
BLUNDELLSANDS & CROSBY,BLN,Crosby
BLYTH BEBSIDE,BLI,Blyth
BLYTHE BRIDGE,BYB,Blythe Bridge
BODMIN PARKWAY,BOD,Bodmin Parkway
BODORGAN,BOR,Bethel
BOGNOR REGIS,BOG,Bognor Regis
BOGSTON PORT GLASGOW,BGS,Port Glasgow
BOLTON,BON,Bolton
BOLTON-ON-DEARNE,BTD,Bolton-Upon-Dearne
BOND STREET EL,BDS,London
BOOKHAM,BKA,Bookham
BOOTLE (CUMBRIA),BOC,Bootle
BOOTLE NEW STRAND (MERSEYSIDE),BNW,Bootle
BOOTLE ORIEL ROAD (MERSEYSIDE),BOT,Bootle
BOROUGH GREEN & WROTHAM,BRG,Borough Green & Wrotham
BORTH,BRH,Borth
BOSHAM,BOH,Bosham
BOSTON,BSN,Boston
BOTLEY,BOE,Botley
BOTTESFORD,BTF,Bottesford
BOURNE END,BNE,Bourne End
BOURNEMOUTH,BMH,Bournemouth
BOURNVILLE,BRV,Bournville
BOW BRICKHILL,BWB,Bow Brickhill
BOW STREET,BOW,Bow Street
BOWES PARK,BOP,Bowes Park
BOWLING DUMBARTON,BWG,Bowling
BOX HILL & WESTHUMBLE,BXW,Westhumble
BRACKNELL,BCE,Bracknell
BRADFORD FORSTER SQUARE,BDQ,Bradford
BRADFORD INTERCHANGE,BDI,Bradford
BRADFORD-ON-AVON,BOA,Bradford-On-Avon
BRADING,BDN,Brading
BRAINTREE,BTR,Braintree
BRAINTREE FREEPORT,BTP,Braintree
BRAMHALL,BML,Bramhall
BRAMLEY (HANTS),BMY,Bramley
BRAMLEY (WEST YORKSHIRE),BLE,Bramley
BRAMPTON,BRP,Brampton
BRAMPTON (CUMBRIA),BMP,Brampton
BRANCHTON,BCN,Greenock
BRANDON,BND,Brandon
BRANKSOME,BSM,Branksome
BRAYSTONES,BYS,Braystones
BREDBURY,BDY,Bredbury
BREICH,BRC,Breich
BRENT CROSS WEST,BCZ,Brent Cross
BRENTFORD,BFD,Brentford
BRENTWOOD,BRE,Brentwood
BRICKET WOOD,BWO,Bricket Wood
BRIDGE OF ALLAN,BEA,Bridge Of Allan
BRIDGE OF ORCHY,BRO,Bridge Of Orchy
BRIDGEND,BGN,Bridgend
BRIDGETON,BDG,Bridgeton
BRIDGWATER,BWT,Bridgwater
BRIDLINGTON,BDT,Bridlington
BRIERFIELD,BRF,Brierfield
BRIGG,BGG,Brigg
BRIGHOUSE,BGH,Brighouse
BRIGHTON,BTN,Brighton
BRIMSDOWN,BMD,Enfield
BRINNINGTON,BNT,Brinnington
BRISTOL PARKWAY,BPW,Bristol Parkway
BRISTOL TEMPLE MEADS,BRI,Bristol Temple Meads
BRITHDIR,BHD,Brithdir
BRITON FERRY,BNF,Briton Ferry
BRIXTON,BRX,Brixton
BROAD GREEN,BGE,Broad Green
BROADBOTTOM,BDB,Broadbottom
BROADSTAIRS,BSR,Broadstairs
BROCKENHURST,BCU,Brockenhurst
BROCKHOLES,BHS,Brockholes
BROCKLEY,BCY,Brockley
BROMBOROUGH,BOM,Bromborough
BROMBOROUGH RAKE,BMR,Bromborough
BROMLEY CROSS,BMC,Bromley Cross
BROMLEY NORTH,BMN,Bromley
BROMLEY SOUTH,BMS,Bromley South
BROMSGROVE,BMV,Bromsgrove
BRONDESBURY,BSY,Kilburn
BRONDESBURY PARK,BSP,Brondesbury
BROOKMANS PARK,BPK,Brookmans Park
BROOKWOOD,BKO,Brookwood
BROOME,BME,Broome
BROOMFLEET,BMF,Broomfleet
BRORA,BRA,Brora
BROUGH,BUH,Brough
BROUGHTY FERRY,BYF,Broughty Ferry
BROXBOURNE,BXB,Broxbourne
BRUCE GROVE,BCV,Tottenham
BRUNDALL,BDA,Brundall
BRUNDALL GARDENS,BGA,Brundall
BRUNSTANE,BSU,Brunstane
BRUNSWICK,BRW,Brunswick
BRUTON,BRU,Bruton
BRYN,BYN,Wigan
BUCKENHAM,BUC,Buckenham
BUCKLEY,BCK,Buckley
BUCKNELL,BUK,Bucknell
BUCKSHAW PARKWAY,BSV,Buckshaw Village
BUGLE,BGL,Bugle
BUILTH ROAD,BHR,Builth Wells
BULWELL,BLW,Bulwell
BURES,BUE,Bures
BURGESS HILL,BUG,Burgess Hill
BURLEY PARK,BUY,Burley Park
BURLEY-IN-WHARFEDALE,BUW,Burley-In-Wharfedale
BURNAGE,BNA,Burnage
BURNESIDE,BUD,Burneside
BURNHAM,BNM,Burnham
BURNHAM-ON-CROUCH,BUU,Burnham-On-Crouch
BURNLEY BARRACKS,BUB,Burnley Barracks
BURNLEY CENTRAL,BNC,Burnley
BURNLEY MANCHESTER ROAD,BYM,Burnley Manchester Road
BURNSIDE,BUI,Burnside
BURNTISLAND,BTS,Burntisland
BURSCOUGH BRIDGE,BCB,Burscough
BURSCOUGH JUNCTION,BCJ,Burscough
BURSLEDON,BUO,Bursledon
BURTON JOYCE,BUJ,Burton Joyce
BURTON-ON-TRENT,BUT,Burton-On-Trent
BURY ST EDMUNDS,BSE,Bury St Edmunds
BUSBY,BUS,Busby
BUSH HILL PARK,BHK,Enfield
BUSHEY,BSH,Watford
BUTLERS LANE,BUL,Four Oaks
BUXTED,BXD,Buxted
BUXTON,BUX,Buxton
BYFLEET & NEW HAW,BFN,Byfleet
BYNEA,BYE,Bynea
CADOXTON,CAD,Cadoxton
CAERGWRLE,CGW,Caergwrle
CAERPHILLY,CPH,Caerphilly
CAERSWS,CWS,Caersws
CALDERCRUIX,CAC,Caldercruix
CALDICOT,CDT,Caldicot
CALEDONIAN ROAD & BARNSBURY,CIR,Barnsbury
CALSTOCK,CSK,Calstock
CAM & DURSLEY,CDU,Cam
CAMBERLEY,CAM,Camberley
CAMBORNE,CBN,Camborne
CAMBRIDGE,CBG,Cambridge
CAMBRIDGE HEATH,CBH,Bethnal Green
CAMBRIDGE NORTH,CMB,Cambridge
CAMBRIDGE SOUTH,CMS,Cambridge
CAMBUSLANG,CBL,Cambuslang
CAMDEN ROAD LONDON,CMD,Camden
CAMELON,CMO,Camelon
CAMERON BRIDGE,CBX,Cameron Bridge
CANADA WATER,ZCW,Canada Water
CANARY WHARF EL,CWX,Canary Wharf
CANLEY,CNL,Canley
CANNOCK,CAO,Cannock
CANNON STREET LONDON,CST,London
CANONBURY,CNN,Canonbury
CANTERBURY EAST,CBE,Canterbury
CANTERBURY WEST,CBW,Canterbury
CANTLEY,CNY,Cantley
CAPENHURST,CPU,Capenhurst
CARBIS BAY,CBB,Carbis Bay
CARDENDEN,CDD,Cardenden
CARDIFF BAY,CDB,Cardiff
CARDIFF CATHAYS,CYS,Cardiff
CARDIFF CENTRAL,CDF,Cardiff
CARDIFF QUEEN STREET,CDQ,Cardiff
CARDONALD GLASGOW,CDO,Cardonald
CARDROSS,CDR,Cardross
CARFIN,CRF,Carfin
CARK & CARTMEL,CAK,Cark
CARLISLE,CAR,Carlisle
CARLTON,CTO,Netherfield
CARLUKE,CLU,Carluke
CARMARTHEN,CMN,Carmarthen
CARMYLE,CML,Carmyle
CARNFORTH,CNF,Carnforth
CARNOUSTIE,CAN,Carnoustie
CARNTYNE GLASGOW,CAY,Carntyne
CARPENDERS PARK,CPK,Watford
CARRBRIDGE,CAG,Carrbridge
CARSHALTON,CSH,Carshalton
CARSHALTON BEECHES,CSB,Carshalton Beeches
CARSTAIRS,CRS,Carstairs
CARTSDYKE GREENOCK,CDY,Greenock
CASTLE BAR PARK,CBP,Greenford
CASTLE CARY,CLC,Castle Cary
CASTLEFORD CENTRAL,CFD,Castleford
CASTLETON (GREATER MANCHESTER),CAS,Castleton
CASTLETON MOOR,CSM,Castleton Moor
CATERHAM,CAT,Caterham
CATFORD,CTF,Catford
CATFORD BRIDGE,CFB,Catford
CATHCART,CCT,Cathcart
CATTAL,CTL,Cattal
CAUSELAND,CAU,Causeland
CEFN-Y-BEDD,CYB,Cefn-Y-Bedd
CHADWELL HEATH,CTH,Chadwell Heath
CHAFFORD HUNDRED,CFH,Chafford Hundred
CHALFONT & LATIMER LT,CFO,Little Chalfont
CHALKWELL,CHW,Chalkwell
CHANDLERS FORD,CFR,Chandlers Ford
CHAPEL-EN-LE-FRITH,CEF,Chapel-En-Le-Frith
CHAPELTON DEVON,CPN,Chapelton
CHAPELTOWN,CLN,Chapeltown
CHAPPEL & WAKES COLNE,CWC,Chappel
CHARING,CHG,Charing
CHARING CROSS (GLASGOW),CHC,Glasgow
CHARING CROSS LONDON,CHX,London
CHARLBURY,CBY,Charlbury
CHARLTON,CTN,Charlton
CHARTHAM,CRT,Canterbury
CHASSEN ROAD,CSR,Urmston
CHATELHERAULT,CTE,Hamilton
CHATHAM,CTM,Chatham
CHATHILL,CHT,Chathill
CHEADLE HULME,CHU,Cheadle Hulme
CHEAM,CHE,Cheam
CHEDDINGTON,CED,Cheddington
CHELFORD,CEL,Chelford
CHELMSFORD,CHM,Chelmsford
CHELSFIELD,CLD,Chelsfield
CHELTENHAM SPA,CNM,Cheltenham
CHEPSTOW,CPW,Chepstow
CHERRY TREE,CYT,Cherry Tree
CHERTSEY,CHY,Chertsey
CHESHUNT,CHN,Cheshunt
CHESSINGTON NORTH,CSN,Chessington
CHESSINGTON SOUTH,CSS,Chessington
CHESTER,CTR,Chester
CHESTER ROAD,CRD,Chester Road
CHESTER-LE-STREET,CLS,Chester-Le-Street
CHESTERFIELD,CHD,Chesterfield
CHESTFIELD & SWALECLIFFE,CSW,Swalecliffe
CHETNOLE,CNO,Chetnole
CHICHESTER,CCH,Chichester
CHILHAM,CIL,Chilham
CHILWORTH,CHL,Chilworth
CHINGFORD,CHI,Chingford
CHINLEY,CLY,Chinley
CHIPPENHAM,CPM,Chippenham
CHIPSTEAD,CHP,Chipstead
CHIRK,CRK,Chirk
CHISLEHURST,CIT,Chislehurst
CHISWICK,CHK,Chiswick
CHOLSEY,CHO,Cholsey
CHORLEY,CRL,Chorley
CHORLEYWOOD LT,CLW,Chorleywood
CHRIST'S HOSPITAL WEST HORSHAM,CHH,Christ's Hospital
CHRISTCHURCH,CHR,Christchurch
CHURCH & OSWALDTWISTLE,CTW,Church
CHURCH FENTON,CHF,Church Fenton
CHURCH STRETTON,CTT,Church Stretton
CILMERI,CIM,Cilmeri
CITY THAMESLINK,CTK,London
CLACTON-ON-SEA,CLT,Clacton-On-Sea
CLANDON,CLA,West Clandon
CLAPHAM (NORTH YORKSHIRE),CPY,Clapham
CLAPHAM HIGH STREET,CLP,Clapham
CLAPHAM JUNCTION LONDON,CLJ,Clapham
CLAPTON,CPT,Clapton
CLARBESTON ROAD,CLR,Clarbeston Road
CLARKSTON,CKS,Clarkston
CLAVERDON,CLV,Claverdon
CLAYGATE,CLG,Claygate
CLEETHORPES,CLE,Cleethorpes
CLELAND,CEA,Cleland
CLIFTON,CLI,Clifton
CLIFTON DOWN,CFN,Clifton Down
CLITHEROE,CLH,Clitheroe
CLOCK HOUSE,CLK,Beckenham
CLUNDERWEN,CUW,Clunderwen
CLYDEBANK CENTRAL,CYK,Clydebank
COATBRIDGE CENTRAL,CBC,Coatbridge
COATBRIDGE SUNNYSIDE,CBS,Coatbridge
COATDYKE,COA,Cliftonville
COBHAM AND STOKE D'ABERNON,CSD,Stoke D'abernon
CODSALL,CSL,Codsall
COGAN,CGN,Cogan
COLCHESTER,COL,Colchester
COLCHESTER TOWN,CET,Colchester
COLESHILL PARKWAY,CEH,Coleshill
COLLINGHAM,CLM,Collingham
COLLINGTON,CLL,Bexhill-On-Sea
COLNE,CNE,Colne
COLWALL,CWL,Colwall
COLWYN BAY,CWB,Colwyn Bay
COMBE,CME,Combe (Oxon)
COMMONDALE,COM,Commondale
CONGLETON,CNG,Congleton
CONISBROUGH,CNS,Conisbrough
CONNEL FERRY,CON,Connel
CONON BRIDGE,CBD,Conon Bridge
CONONLEY,CEY,Cononley
CONWAY PARK,CNP,Birkenhead
CONWY,CNW,Conwy
COODEN BEACH,COB,Cooden
COOKHAM,COO,Cookham
COOKSBRIDGE,CBR,Cooksbridge
COOMBE (CORNWALL),COE,Coombe Junction Halt
COPPLESTONE,COP,Copplestone
CORBRIDGE,CRB,Corbridge
CORBY,COR,Corby
CORKERHILL GLASGOW,CKH,Corkerhill
CORKICKLE,CKL,Corkickle
CORPACH,CPA,Corpach
CORROUR,CRR,Corrour
CORYTON,COY,Coryton
COSELEY,CSY,Coseley
COSFORD,COS,Cosford
COSHAM,CSA,Cosham
COTTINGHAM,CGM,Cottingham
COTTINGLEY,COT,Cottingley
COULSDON SOUTH,CDS,Coulsdon
COULSDON TOWN,CDN,Coulsdon
COVENTRY,COV,Coventry
COVENTRY ARENA,CAA,Coventry Arena
COWDEN,CWN,Cowden
COWDENBEATH,COW,Cowdenbeath
CRADLEY HEATH,CRA,Cradley Heath
CRAIGENDORAN,CGD,Helensburgh
CRAMLINGTON,CRM,Cramlington
CRANBROOK,CBK,Cranbrook
CRAVEN ARMS,CRV,Craven Arms
CRAWLEY,CRW,Crawley
CRAYFORD,CRY,Crayford
CREDITON,CDI,Crediton
CRESSING,CES,Tye Green
CRESSINGTON,CSG,Cressington
CRESWELL (DERBYS),CWD,Creswell
CREWE,CRE,Crewe
CREWKERNE,CKN,Crewkerne
CREWS HILL,CWH,Crews Hill
CRIANLARICH,CNR,Crianlarich
CRICCIETH,CCC,Criccieth
CRICKLEWOOD,CRI,Cricklewood
CROFTFOOT,CFF,Croftfoot
CROFTON PARK,CFT,Crofton Park
CROMER,CMR,Cromer
CROMFORD,CMF,Cromford
CROOKSTON GLASGOW,CKT,Glasgow
CROSS GATES YORKS,CRG,Cross Gates
CROSSFLATTS,CFL,Crossflatts
CROSSHILL GLASGOW,COI,Govanhill
CROSSKEYS,CKY,Crosskeys
CROSSMYLOOF GLASGOW,CMY,Crossmyloof
CROSTON,CSO,Croston
CROUCH HILL,CRH,Stroud Green
CROWBOROUGH,COH,Crowborough
CROWHURST,CWU,Crowhurst
CROWLE,CWE,Ealand
CROWTHORNE,CRN,Crowthorne
CROY,CRO,Croy
CRYSTAL PALACE,CYP,Crystal Palace
CUDDINGTON,CUD,Cuddington
CUFFLEY,CUF,Cuffley
CULHAM,CUM,Culham
CULRAIN,CUA,Culrain
CUMBERNAULD,CUB,Cumbernauld
CUPAR,CUP,Cupar
CURRIEHILL,CUH,Currie
CUSTOM HOUSE EL,CUS,Canning Town
CUXTON,CUX,Cuxton
CWMBACH,CMH,Cwmbach
CWMBRAN,CWM,Cwmbran
CYNGHORDY,CYN,Cynghordy
DAGENHAM DOCK,DDK,Dagenham
DAISY HILL,DSY,Daisy Hill
DALGETY BAY,DAG,Dalgety Bay
DALMALLY,DAL,Dalmally
DALMARNOCK,DAK,Dalmarnock
DALMENY,DAM,Dalmeny
DALMUIR,DMR,Dalmuir
DALREOCH,DLR,Dalreoch
DALRY,DLY,Dalry
DALSTON,DLS,Dalston
DALSTON JUNCTION,DLJ,Dalston
DALSTON KINGSLAND,DLK,Dalston
DALTON,DLT,Dalton-In-Furness
DALWHINNIE,DLW,Dalwhinnie
DANBY,DNY,Danby
DANESCOURT,DCT,Danescourt
DANZEY,DZY,Danzey Green
DARLASTON,DAS,Darlaston
DARLINGTON,DAR,Darlington
DARNALL,DAN,Darnall
DARSHAM,DSM,Darsham
DARTFORD,DFD,Dartford
DARTON,DRT,Darton
DARWEN,DWN,Darwen
DATCHET,DAT,Datchet
DAVENPORT,DVN,Davenport
DAWLISH,DWL,Dawlish
DAWLISH WARREN,DWW,Dawlish
DEAL,DEA,Deal
DEAN,DEN,West Dean
DEANSGATE,DGT,Deansgate
DEEPDENE,DPD,Dorking
DEGANWY,DGY,Deganwy
DEIGHTON,DHN,Deighton
DELAMERE,DLM,Delamere
DENBY DALE,DBD,Denby Dale
DENHAM,DNM,Denham Green
DENHAM GOLF CLUB,DGC,Higher Denham
DENMARK HILL LONDON,DMK,London
DENT,DNT,Cowgill
DENTON,DTN,Denton
DEPTFORD,DEP,Deptford
DERBY,DBY,Derby
DERBY ROAD IPSWICH,DBR,Ipswich
DEVONPORT,DPT,Devonport
DEWSBURY,DEW,Dewsbury
DIDCOT PARKWAY,DID,Didcot
DIGBY AND SOWTON,DIG,Exeter
DILTON MARSH,DMH,Dilton Marsh
DINAS (MID GLAMORGAN),DMG,Trealaw
DINAS POWYS,DNS,Dinas Powys
DINGLE ROAD,DGL,Penarth
DINGWALL,DIN,Dingwall
DINSDALE,DND,Middleton St George
DINTING,DTG,Dinting
DISLEY,DSL,Disley
DISS,DIS,Diss
DOCKYARD,DOC,Dockyard (Devonport)
DODWORTH,DOD,Dodworth
DOLAU,DOL,Dolau
DOLEHAM,DLH,Doleham
DOLGARROG,DLG,Dolgarrog
DOLWYDDELAN,DWD,Dolwyddelan
DONCASTER,DON,Doncaster
DORCHESTER SOUTH,DCH,Dorchester
DORCHESTER WEST,DCW,Dorchester
DORE,DOR,Dore
DORKING,DKG,Dorking
DORKING WEST,DKT,Dorking
DORMANS,DMS,Dormansland
DORRIDGE,DDG,Dorridge
DOVE HOLES,DVH,Dove Holes
DOVER PRIORY,DVP,Dover Priory
DOVERCOURT,DVC,Harwich
DOVEY JUNCTION,DVY,Dovey Junction
DOWNHAM MARKET,DOW,Downham Market
DRAYTON GREEN,DRG,West Ealing
DRAYTON PARK,DYP,Highbury
DREM,DRM,Drem
DRIFFIELD,DRF,Driffield
DRIGG,DRI,Drigg
DROITWICH SPA,DTW,Droitwich Spa
DRONFIELD,DRO,Dronfield
DRUMCHAPEL GLASGOW,DMC,Old Drumchapel
DRUMFROCHAR,DFR,Greenock
DRUMGELLOCH,DRU,Airdrie
DRUMRY,DMY,Clydebank
DUDDESTON,DUD,Duddeston
DUDLEY PORT,DDP,Dudley Port
DUFFIELD,DFI,Duffield
DUIRINISH,DRN,Duirinish
DUKE STREET GLASGOW,DST,Dennistoun
DULLINGHAM,DUL,Dullingham
DUMBARTON CENTRAL,DBC,Dumbarton
DUMBARTON EAST,DBE,Dumbarton
DUMBRECK,DUM,Dumbreck
DUMFRIES,DMF,Dumfries
DUMPTON PARK,DMP,Ramsgate
DUNBAR,DUN,Dunbar
DUNBLANE,DBL,Dunblane
DUNBRIDGE,DBG,Mottisfont
DUNCRAIG HALT,DCG,Duncraig Castle
DUNDEE,DEE,Dundee
DUNFERMLINE CITY,DFE,Dunfermline
DUNFERMLINE QUEEN MARGARET,DFL,Dunfermline
DUNKELD & BIRNAM,DKD,Birnam
DUNLOP,DNL,Dunlop
DUNROBIN CASTLE,DNO,Dunrobin
DUNSTON,DOT,Dunston
DUNTON GREEN,DNG,Dunton Green
DURHAM,DHM,Durham
DURRINGTON-ON-SEA,DUR,Durrington-On-Sea
DYCE,DYC,Dyce
DYFFRYN ARDUDWY,DYF,Dyffryn Ardudwy
EAGLESCLIFFE,EAG,Eaglescliffe
EALING BROADWAY,EAL,Ealing
EARLESTOWN,ERL,Earlestown
EARLEY,EAR,Earley
EARLSFIELD,EAD,Earlsfield
EARLSWOOD (SURREY),ELD,Earlswood
EARLSWOOD (WEST MIDLANDS),EWD,Earlswood
EAST CROYDON,ECR,Croydon
EAST DIDSBURY,EDY,East Didsbury
EAST DULWICH,EDW,East Dulwich
EAST FARLEIGH,EFL,East Farleigh
EAST GARFORTH,EGF,East Garforth
EAST GRINSTEAD,EGR,East Grinstead
EAST KILBRIDE,EKL,East Kilbride
EAST LINTON,ELT,East Linton
EAST MALLING,EML,East Malling
EAST MIDLANDS PARKWAY,EMD,East Midlands Parkway
EAST TILBURY,ETL,East Tilbury
EAST WORTHING,EWR,Worthing
EASTBOURNE,EBN,Eastbourne
EASTBROOK,EBK,Dinas Powys
EASTERHOUSE,EST,Easterhouse
EASTHAM RAKE,ERA,Eastham Rake
EASTLEIGH,ESL,Eastleigh
EASTRINGTON,EGN,Eastrington
EBBSFLEET INTERNATIONAL,EBD,Ebbsfleet Valley
EBBW VALE,EBB,Ebbw Vale
EBBW VALE PARKWAY,EBV,Waun-Lywd
ECCLES,ECC,Eccles
ECCLES ROAD,ECS,Eccles
ECCLESTON PARK,ECL,Eccleston Park
EDALE,EDL,Edale
EDEN PARK,EDN,Eden Park
EDENBRIDGE,EBR,Edenbridge
EDENBRIDGE TOWN,EBT,Edenbridge
EDGE HILL LIVERPOOL,EDG,Edge Hill
EDINBURGH,EDB,Edinburgh
EDINBURGH GATEWAY,EGY,Gogar
EDINBURGH PARK,EDP,Edinburgh
EDMONTON GREEN,EDR,Lower Edmonton
EFFINGHAM JUNCTION,EFF,Effingham
EGGESFORD,EGG,Eggesford
EGHAM,EGH,Egham
EGTON,EGT,Egton
ELEPHANT & CASTLE,EPH,Camberwell
ELGIN,ELG,Elgin
ELLESMERE PORT,ELP,Ellesmere Port
ELMERS END,ELE,Elmers End
ELMSTEAD WOODS,ESD,Elmstead Woods
ELMSWELL,ESW,Elmswell
ELSECAR,ELR,Elsecar
ELSENHAM,ESM,Elsenham (Essex)
ELSTREE,ELS,Borehamwood
ELTHAM,ELW,Eltham
ELY(CAMB),ELY,Ely
EMERSON PARK,EMP,Hornchurch
EMSWORTH,EMS,Emsworth
ENERGLYN & CHURCHILL PARK,ECP,Energlyn
ENFIELD CHASE,ENC,Enfield
ENFIELD LOCK,ENL,Enfield
ENFIELD TOWN,ENF,Enfield
ENTWISTLE,ENT,Entwistle
EPSOM,EPS,Epsom
EPSOM DOWNS,EPD,Epsom Downs
ERDINGTON,ERD,Erdington
ERIDGE,ERI,Eridge Green
ERITH,ERH,Erith
ESHER,ESH,Esher
ESKBANK,EKB,Eskbank
ESSEX RD,EXR,Islington
ETCHINGHAM,ETC,Etchingham
EUSTON LONDON,EUS,London
EUXTON BALSHAW LANE,EBA,Euxton
EVESHAM,EVE,Evesham
EWELL EAST,EWE,Ewell East
EWELL WEST,EWW,Ewell
EXETER CENTRAL,EXC,Exeter
EXETER ST DAVIDS,EXD,Exeter
EXETER ST THOMAS,EXT,Exeter
EXHIBITION CENTRE GLASGOW,EXG,Glasgow
EXMOUTH,EXM,Exmouth
EXTON,EXN,Exton
EYNSFORD,EYN,Eynsford
FAIRBOURNE,FRB,Fairbourne
FAIRFIELD,FRF,Fairfield
FAIRLIE,FRL,Fairlie
FAIRWATER,FRW,Fairwater
FALCONWOOD,FCN,Falconwood
FALKIRK GRAHAMSTON,FKG,Falkirk
FALKIRK HIGH,FKK,Falkirk
FALMER,FMR,Falmer
FALMOUTH DOCKS,FAL,Falmouth Docks
FALMOUTH TOWN,FMT,Falmouth
FAREHAM,FRM,Fareham
FARNBOROUGH (MAIN),FNB,Farnborough
FARNBOROUGH NORTH,FNN,Farnborough Green
FARNCOMBE,FNC,Farncombe
FARNHAM,FNH,Farnham
FARNINGHAM ROAD,FNR,South Darenth
FARNWORTH,FNW,Farnworth
FARRINGDON,ZFD,Farringdon
FAULDHOUSE,FLD,Fauldhouse
FAVERSHAM,FAV,Faversham
FAYGATE,FGT,Faygate
FAZAKERLEY LIVERPOOL,FAZ,Fazakerley
FEARN,FRN,Fearn
FEATHERSTONE,FEA,Featherstone
FELIXSTOWE,FLX,Felixstowe
FELTHAM,FEL,Feltham
FENCHURCH STREET LONDON,FST,London
FENITON,FNT,Devon
FENNY STRATFORD,FEN,Fenny Stratford
FERNHILL,FER,Fernhill
FERRIBY,FRY,Ferriby
FERRYSIDE,FYS,Ferryside
FFAIRFACH,FFA,Ffairfach
FILEY,FIL,Filey
FILTON ABBEYWOOD,FIT,Filton Abbey Wood
FINCHLEY ROAD & FROGNAL,FNY,West Hampstead
FINSBURY PARK LONDON,FPK,Finsbury Park
FINSTOCK,FIN,Finstock
FISHBOURNE,FSB,Fishbourne
FISHERSGATE,FSG,Portslade
FISHGUARD AND GOODWICK,FGW,Fishguard
FISHGUARD HARBOUR,FGH,Fishguard
FISKERTON,FSK,Fiskerton
FITZWILLIAM,FZW,Fitzwilliam
FIVE WAYS,FWY,Edgbaston
FLEET,FLE,Fleet
FLIMBY,FLM,Flimby
FLINT,FLN,Flint
FLITWICK,FLT,Flitwick
FLIXTON,FLI,Flixton
FLOWERY FIELD,FLF,Flowery Field
FOLKESTONE CENTRAL,FKC,Folkestone
FOLKESTONE WEST,FKW,Folkestone West
FORD,FOD,Ford
FOREST GATE,FOG,Forest Gate
FOREST HILL,FOH,Forest Hill
FORMBY,FBY,Formby
FORRES,FOR,Forres
FORSINARD,FRS,Forsinard
FORT MATILDA,FTM,Greenock
FORT WILLIAM,FTW,Fort William
FOUR OAKS,FOK,Sutton Coldfield
FOXFIELD,FOX,Foxfield
FOXTON,FXN,Foxton
FRANT,FRT,Frant
FRATTON PORTSMOUTH,FTN,Portsmouth
FRESHFIELD,FRE,Freshfield
FRESHFORD,FFD,Freshford
FRIMLEY,FML,Frimley
FRINTON-ON-SEA,FRI,Frinton-On-Sea
FRIZINGHALL,FZH,Frizinghall
FRODSHAM,FRD,Frodsham
FROME,FRO,Frome
FULWELL,FLW,Twickenham
FURNESS VALE,FNV,Furness Vale
FURZE PLATT,FZP,Maidenhead
GAINSBOROUGH CENTRAL,GNB,Gainsborough
GAINSBOROUGH LEA ROAD,GBL,Gainsborough
GALASHIELS,GAL,Galashiels
GARELOCHHEAD,GCH,Garelochhead
GARFORTH,GRF,Garforth
GARGRAVE,GGV,Gargrave
GARROWHILL,GAR,Glasgow
GARSCADDEN GLASGOW,GRS,Garscadden
GARSDALE,GSD,Garsdale Head
GARSTON (HERTFORDSHIRE),GSN,Garston
GARSWOOD,GSW,Garswood
GARTCOSH,GRH,Gartcosh
GARTH MID GLAMORGAN,GMG,Garth
GARTH POWYS,GTH,Garth
GARVE,GVE,Garve
GATHURST,GST,Gathurst
GATLEY,GTY,Gatley
GATWICK AIRPORT,GTW,Gatwick Airport
GEORGEMAS JUNCTION,GGJ,Halkirk
GERRARDS CROSS,GER,Gerrards Cross
GIDEA PARK,GDP,Gidea Park
GIFFNOCK,GFN,Giffnock
GIGGLESWICK,GIG,Giggleswick
GILBERDYKE,GBD,Gilberdyke
GILFACH FARGOED HALT,GFF,Gilfach Fargoed
GILLINGHAM (DORSET),GIL,Gillingham
GILLINGHAM (KENT),GLM,Gillingham
GILSHOCHILL,GSC,Gilshochill
GIPSY HILL,GIP,Gipsy Hill
GIRVAN,GIR,Girvan
GLAISDALE,GLS,Glaisdale
GLAN CONWY,GCW,Llansanffraid Glan Conwy
GLASGOW CENTRAL,GLC,Glasgow
GLASGOW CENTRAL LOW LEVEL,GCL,Glasgow
GLASGOW QUEEN STREET,GLQ,Glasgow Queen Street
GLASSHOUGHTON,GLH,Glasshoughton
GLAZEBROOK,GLZ,Glazebrook
GLENEAGLES,GLE,Auchterarder
GLENFINNAN,GLF,Glenfinnan
GLENGARNOCK,GLG,Glengarnock
GLENROTHES WITH THORNTON,GLT,Thornton
GLOSSOP,GLO,Glossop
GLOUCESTER,GCR,Gloucester
GLYNDE,GLY,Glynde
GOBOWEN,GOB,Gobowen
GODALMING,GOD,Godalming
GODLEY,GDL,Godley
GODSTONE,GDN,South Godstone
GOLDTHORPE,GOE,Goldthorpe
GOLF STREET CARNOUSTIE,GOF,Carnoustie
GOLSPIE,GOL,Golspie
GOMSHALL,GOM,Gomshall
GOODMAYES,GMY,Goodmayes
GOOLE,GOO,Goole
GOOSTREY,GTR,Goostrey
GORDON HILL,GDH,Gordon Hill
GOREBRIDGE,GBG,Gorebridge
GORING & STREATLEY,GOR,Goring-On-Thames
GORING-BY-SEA,GBS,Goring-By-Sea
GORTON,GTO,Gorton
GOSPEL OAK,GPO,Gospel Oak
GOUROCK,GRK,Gourock
GOWERTON,GWN,Gowerton
GOXHILL,GOX,Goxhill
GRANGE PARK,GPK,Grange Park
GRANGE-OVER-SANDS,GOS,Grange-Over-Sands
GRANGETOWN (SOUTH GLAMORGAN),GTN,Grangetown
GRANTHAM,GRA,Grantham
GRATELEY,GRT,Grateley
GRAVELLY HILL,GVH,Gravelly Hill
GRAVESEND CENTRAL,GRV,Gravesend
GRAYS,GRY,Grays
GREAT AYTON,GTA,Great Ayton
GREAT BENTLEY,GRB,Great Bentley
GREAT CHESTERFORD,GRC,Great Chesterford
GREAT COATES,GCT,Great Coates
GREAT MALVERN,GMV,Malvern
GREAT MISSENDEN,GMN,Great Missenden
GREAT YARMOUTH,GYM,Great Yarmouth
GREEN LANE BIRKENHEAD,GNL,Birkenhead
GREEN ROAD,GNR,The Green
GREENBANK,GBK,Greenbank
GREENFAULDS,GRL,Greenfaulds
GREENFIELD,GNF,Greenfield
GREENFORD,GFD,Greenford
GREENHITHE,GNH,Greenhithe
GREENOCK CENTRAL,GKC,Greenock
GREENOCK WEST,GKW,Greenock
GREENWICH,GNW,Greenwich
GRETNA GREEN,GEA,Gretna Green
GRIMSBY DOCKS,GMD,Grimsby
GRIMSBY TOWN,GMB,Grimsby
GRINDLEFORD,GRN,Grindleford
GROSMONT,GMT,Grosmont
GROVE PARK,GRP,Grove Park
GUIDE BRIDGE,GUI,Guide Bridge
GUILDFORD,GLD,Guildford
GUISELEY,GSY,Guiseley
GUNNERSBURY,GUN,Chiswick
GUNNISLAKE,GSL,Gunnislake
GUNTON,GNT,Gunton
GWERSYLLT,GWE,Gwersyllt
GYPSY LANE,GYP,Nunthorpe
HABROUGH,HAB,Habrough
HACKBRIDGE,HCB,Wallington
HACKNEY CENTRAL,HKC,Hackney
HACKNEY DOWNS,HAC,Hackney
HACKNEY WICK,HKW,Hackney
HADDENHAM & THAME PARKWAY,HDM,Haddenham
HADDISCOE,HAD,Haddiscoe
HADFIELD,HDF,Derbyshire
HADLEY WOOD,HDW,Hadley Wood
HAG FOLD,HGF,Hag Fold
HAGGERSTON,HGG,Haggerston
HAGLEY,HAG,Hagley
HAIRMYRES,HMY,Hairmyres
HALE,HAL,Hale
HALESWORTH,HAS,Halesworth
HALEWOOD,HED,Halewood
HALIFAX,HFX,Halifax
HALL GREEN,HLG,Hall Green
HALL I' TH' WOOD,HID,Hall-I'-Th'-Wood
HALL ROAD,HLR,Blundellsands
HALLING,HAI,Halling
HALTWHISTLE,HWH,Haltwhistle
HAM STREET & ORLESTONE,HMT,Ham Street
HAMBLE,HME,Hamble
HAMILTON CENTRAL,HNC,Hamilton
HAMILTON WEST,HNW,Hamilton
HAMMERTON,HMM,Kirk Hammerton
HAMPDEN PARK,HMD,Eastbourne
HAMPSTEAD HEATH,HDH,Hampstead
HAMPTON,HMP,Hampton
HAMPTON COURT,HMC,East Molesey
HAMPTON WICK,HMW,Hampton Wick
HAMPTON-IN-ARDEN,HIA,Hampton-In-Arden
HAMSTEAD,HSD,Hamstead
HAMWORTHY,HAM,Hamworthy
HANBOROUGH,HND,Hanborough
HANDFORTH,HTH,Handforth
HANWELL,HAN,Hanwell
HAPTON,HPN,Hapton
HARLECH,HRL,Harlech
HARLESDEN,HDN,Harlesden
HARLING ROAD,HRD,Norwich
HARLINGTON,HLN,Harlington
HARLOW MILL,HWM,Harlow Mill
HARLOW TOWN,HWN,Harlow Town
HAROLD WOOD,HRO,Harold Wood
HARPENDEN,HPD,Harpenden
HARRIETSHAM,HRM,Harrietsham
HARRINGAY,HGY,Harringay
HARRINGAY GREEN LANES,HRY,Harringay
HARRINGTON,HRR,Harrington
HARROGATE,HGT,Harrogate
HARROW & WEALDSTONE,HRW,Harrow & Wealdstone
HARROW-ON-THE-HILL LT,HOH,Harrow
HARTFORD,HTF,Hartford
HARTLEBURY,HBY,Hartlebury
HARTLEPOOL,HPL,Hartlepool
HARTWOOD,HTW,Hartwood
HARWICH INTERNATIONAL,HPQ,Harwich
HARWICH TOWN,HWC,Harwich
HASLEMERE,HSL,Haslemere
HASSOCKS,HSK,Hassocks
HASTINGS,HGS,Hastings
HATCH END,HTE,Hatch End
HATFIELD,HAT,Hatfield
HATFIELD & STAINFORTH,HFS,Hatfield
HATFIELD PEVEREL,HAP,Hatfield Peverel
HATHERSAGE,HSG,Hathersage
HATTERSLEY,HTY,Hattersley
HATTON,HTN,Hatton
HAVANT,HAV,Havant
HAVENHOUSE,HVN,Skegness
HAVERFORDWEST,HVF,Haverfordwest
HAWARDEN,HWD,Hawarden
HAWARDEN BRIDGE,HWB,Sealand
HAWKHEAD,HKH,Paisley
HAYDON BRIDGE,HDB,Haydon Bridge
HAYDONS ROAD,HYR,Tooting
HAYES (KENT),HYS,Hayes
HAYES & HARLINGTON,HAY,Hayes
HAYLE,HYL,Hayle
HAYMARKET EDINBURGH,HYM,Edinburgh
HAYWARDS HEATH,HHE,Haywards Heath
HAZEL GROVE,HAZ,Hazel Grove
HEADBOLT LANE,HBL,Headbolt Lane
HEADCORN,HCN,Headcorn
HEADINGLEY,HDY,Headingley
HEADSTONE LANE,HDL,Harrow Weald
HEALD GREEN,HDG,Heald Green
HEALING,HLI,Healing
HEATH HIGH LEVEL,HHL,Heath
HEATH LOW LEVEL,HLL,Heath
HEATHROW EXP 4,HAF,Heathrow Airport
HEATHROW EXPRESS TERMINAL ONE,HXX,Heathrow Terminals 2 & 3 (Rail Station Only)
HEATHROW T5,HWV,Heathrow Airport
HEATON CHAPEL,HTC,Heaton Chapel
HEBDEN BRIDGE,HBD,Hebden Bridge
HECKINGTON,HEC,Heckington
HEDGE END,HDE,Hedge End
HEDNESFORD,HNF,Hednesford
HEIGHINGTON,HEI,Heighington
HELENSBURGH CENTRAL,HLC,Helensburgh
HELENSBURGH UPPER,HLU,Helensburgh
HELLIFIELD,HLD,Hellifield
HELMSDALE,HMS,Helmsdale
HELSBY,HSB,Helsby
HEMEL HEMPSTEAD,HML,Hemel Hempstead
HENDON,HEN,Hendon
HENGOED,HNG,Hengoed
HENLEY-IN-ARDEN,HNL,Henley-In-Arden
HENLEY-ON-THAMES,HOT,Henley-On-Thames
HENSALL,HEL,Hensall
HEREFORD,HFD,Hereford
HERNE BAY,HNB,Herne Bay
HERNE HILL,HNH,Herne Hill
HERSHAM,HER,Hersham
HERTFORD EAST,HFE,Hertford
HERTFORD NORTH,HFN,Hertford
HESSLE,HES,Hessle
HESWALL,HSW,Heswall
HEVER,HEV,Hever
HEWORTH,HEW,Heworth
HEXHAM,HEX,Hexham
HEYFORD,HYD,Lower Heyford
HEYSHAM HARBOUR,HHB,Heysham Port
HIGH BROOMS,HIB,High Brooms
HIGH STREET GLASGOW,HST,Glasgow
HIGH WYCOMBE,HWY,High Wycombe
HIGHAM,HGM,Higham
HIGHAMS PARK,HIP,Highams Park
HIGHBRIDGE & BURNHAM,HIG,Highbridge
HIGHBURY&ISLINGTON,HHY,Highbury Corner
HIGHTOWN,HTO,Hightown
HILDENBOROUGH,HLB,Hildenborough
HILLFOOT,HLF,Bearsden
HILLINGTON EAST GLASGOW,HLE,Hillington
HILLINGTON WEST GLASGOW,HLW,Hillington
HILLSIDE SOUTHPORT,HIL,Southport
HILSEA PORTSMOUTH,HLS,Hilsea
HINCHLEY WOOD,HYW,Hinchley Wood
HINCKLEY,HNK,Hinckley
HINDLEY,HIN,Hindley
HINTON ADMIRAL,HNA,Hinton Admiral
HITCHIN,HIT,Hitchin
HITHER GREEN,HGR,Hither Green
HOCKLEY ESSEX,HOC,Hockley
HOLLINGBOURNE,HBN,Hollingbourne
HOLMES CHAPEL,HCH,Holmes Chapel
HOLMWOOD,HLM,Holmwood
HOLTON HEATH,HOL,Holton Heath
HOLYHEAD,HHD,Holyhead
HOLYTOWN,HLY,Holytown
HOMERTON,HMN,Homerton
HONEYBOURNE,HYB,Honeybourne
HONITON,HON,Honiton
HONLEY,HOY,Honley
HONOR OAK PARK,HPA,Honor Oak Park
HOOK,HOK,Hook
HOOTON,HOO,Hooton
HOPE (CLWYD),HPE,Hope
HOPE (DERBYSHIRE),HOP,Hope
HOPTON HEATH,HPT,Hopton Heath
HORDEN,HRE,Horden
HORLEY,HOR,Horley
HORNBEAM PARK,HBP,Hornbeam Park
HORNSEY,HRN,Hornsey
HORSFORTH,HRS,Horsforth
HORSHAM,HRH,Horsham
HORSLEY,HSY,East Horsley
HORTON IN RIBBLESDALE,HIR,Horton-In-Ribblesdale
HORWICH PARKWAY,HWI,Horwich
HOSCAR,HSC,Hoscar
HOUGH GREEN,HGN,Hough Green
HOUNSLOW,HOU,Hounslow
HOVE,HOV,Hove
HOVETON & WROXHAM,HXM,Hoveton
HOW WOOD <HERTFORDSHIRE>,HWW,How Wood
HOWDEN,HOW,Howden
HOWWOOD (RENFREW),HOZ,Howwood
HOXTON,HOX,Hoxton
HOYLAKE,HYK,Hoylake
HUBBERTS BRIDGE,HBB,Hubberts Bridge
HUCKNALL,HKN,Hucknall
HUDDERSFIELD,HUD,Huddersfield
HULL,HUL,Kingston-Upon-Hull
HUMPHREY PARK,HUP,Humphrey Park
HUNCOAT,HCT,Huncoat
HUNGERFORD,HGD,Hungerford
HUNMANBY,HUB,Hunmanby
HUNT'S CROSS,HNX,Woolton
HUNTINGDON,HUN,Huntingdon
HUNTLY,HNT,Huntly
HURST GREEN,HUR,Hurst Green
HUTTON CRANSWICK,HUT,Hutton Cranswick
HUYTON,HUY,Huyton
HYDE CENTRAL,HYC,Hyde
HYDE NORTH,HYT,Hyde
HYKEHAM,HKM,North Hykeham
HYNDLAND,HYN,Hyndland
HYTHE(ESSEX),HYH,Hythe
IBM,IBM,Greenock
IFIELD,IFI,Ifield
ILFORD,IFD,Ilford
ILKESTON,ILN,Ilkeston
ILKLEY,ILK,Ilkley
IMPERIAL WHARF,IMW,Chelsea
INCE,INC,Ince
INCE & ELTON,INE,Ince &Amp; Elton
INGATESTONE,INT,Ingatestone
INSCH,INS,Insch
INVERGORDON,IGD,Invergordon
INVERGOWRIE,ING,Invergowrie
INVERKEITHING,INK,Inverkeithing
INVERKIP,INP,Inverkip
INVERNESS,INV,Inverness
INVERNESS AIRPORT,IVA,Inverness
INVERSHIN,INH,Invershin
INVERURIE,INR,Inverurie
IPSWICH,IPS,Ipswich
IRLAM,IRL,Irlam
IRVINE,IRV,Irvine
ISLEWORTH,ISL,Isleworth
ISLIP,ISP,Islip
IVER,IVR,Iver
IVYBRIDGE,IVY,Ivybridge
JAMES COOK,JCH,James Cook University Hospital
JEWELLERY QUARTER,JEQ,Birmingham
JOHNSTON (DYFED),JOH,Johnston
JOHNSTONE,JHN,Johnstone
JORDANHILL GLASGOW,JOR,Jordanhill
KEARSLEY,KSL,Kearsley
KEARSNEY,KSN,Kearsney
KEIGHLEY,KEI,Keighley
KEITH,KEH,Keith
KELVEDON,KEL,Kelvedon
KELVINDALE,KVD,Kelvindale
KEMBLE,KEM,Kemble
KEMPSTON HARDWICK,KMH,Kempston Hardwick
KEMPTON PARK,KMP,Sunbury-On-Thames
KEMSING,KMS,Kemsing
KEMSLEY,KML,Kemsley
KENDAL,KEN,Kendal
KENILWORTH,KNW,Kenilworth
KENLEY,KLY,Kenley
KENNETT,KNE,Kennett
KENNISHEAD GLASGOW,KNS,Kennishead
KENSAL GREEN,KNL,Kensal Green
KENSAL RISE,KNR,Kensal Rise
KENSINGTON OLYMPIA,KPA,Kensington
KENT HOUSE,KTH,Beckenham
KENTISH TOWN LONDON,KTN,Kentish Town
KENTISH TOWN WEST,KTW,Kentish Town
KENTON,KNT,Harrow
KENTS BANK,KBK,Kents Bank
KETTERING,KET,Kettering
KEW BRIDGE,KWB,Kew
KEW GARDENS,KWG,Kew
KEYHAM,KEY,Keyham
KEYNSHAM,KYN,Keynsham
KIDBROOKE,KDB,Kidbrooke
KIDDERMINSTER,KID,Kidderminster
KIDSGROVE,KDG,Kidsgrove
KIDWELLY,KWL,Kidwelly
KILBURN HIGH ROAD,KBN,Kilburn
KILDALE,KLD,Kildale
KILDONAN,KIL,Kildonan
KILGETTY,KGT,Kilgetty
KILMARNOCK,KMK,Kilmarnock
KILMAURS,KLM,Kilmaurs
KILPATRICK,KPT,Kilpatrick
KILWINNING,KWN,Kilwinning
KINBRACE,KBC,Kinbrace
KING'S CROSS LONDON,KGX,London
KING'S LYNN,KLN,Kings Lynn
KINGHAM,KGM,Kingham
KINGHORN,KGH,Kinghorn
KINGS HEATH,KIH,Kings Heath
KINGS LANGLEY,KGL,Kings Langley
KINGS NORTON,KNN,Kings Norton
KINGS NYMPTON,KGN,Kings Nympton
KINGS PARK GLASGOW,KGP,Kings Park
KINGS SUTTON,KGS,Kings Sutton
KINGSKNOWE,KGE,Kingsknowe
KINGSTON SURREY,KNG,Kingston
KINGSWOOD AND BURGH HEATH,KND,Kingswood
KINGUSSIE,KIN,Kingussie
KINTBURY,KIT,Kintbury
KINTORE,KTR,Kintore
KIRBY CROSS,KBX,Kirby Cross
KIRK SANDALL,KKS,Kirk Sandall
KIRKBY (MERSEYSIDE),KIR,Kirkby (Merseyside)
KIRKBY IN ASHFIELD,KKB,Kirkby-In-Ashfield
KIRKBY STEPHEN WEST,KSW,Kirkby Stephen
KIRKBY-IN-FURNESS,KBF,Kirkby-In-Furness
KIRKCALDY,KDY,Kirkcaldy
KIRKCONNEL,KRK,Kirkconnel
KIRKDALE,KKD,Kirkdale
KIRKHAM & WESHAM,KKM,Wesham
KIRKHILL,KKH,Kirkhill
KIRKNEWTON,KKN,Kirknewton
KIRKSTALL FORGE,KLF,Kirkstall Forge
KIRKWOOD,KWD,Kirkwood
KIRTON LINDSEY,KTL,Kirton Lindsey
KIVETON BRIDGE,KIV,Kiveton Bridge
KIVETON PARK,KVP,Kiveton Park
KNARESBOROUGH,KNA,Knaresborough
KNEBWORTH,KBW,Knebworth
KNIGHTON,KNI,Knighton
KNOCKHOLT,KCK,Knockholt
KNOTTINGLEY,KNO,Knottingley
KNUCKLAS,KNU,Knucklas
KNUTSFORD,KNF,Knutsford
KYLE OF LOCHALSH,KYL,Kyle Of Lochalsh
LADYBANK,LDY,Ladybank
LADYWELL,LAD,Ladywell
LAINDON,LAI,Laindon
LAIRG,LRG,Lairg
LAKE (I.O.W.),LKE,Lake
LAKENHEATH,LAK,Lakenheath
LAMPHEY,LAM,Lamphey
LANARK,LNK,Lanark
LANCASTER,LAN,Lancaster
LANCING,LAC,Lancing
LANDYWOOD,LAW,Cheslyn Hay
LANGBANK,LGB,Port Glasgow
LANGHO,LHO,Langho
LANGLEY BERKS,LNY,Langley
LANGLEY GREEN,LGG,Langley Green
LANGLEY MILL,LGM,Langley Mill
LANGSIDE GLASGOW,LGS,Langside
LANGWATHBY,LGW,Langwathby
LANGWITH-WHALEY-THORNS,LAG,Langwith
LAPFORD,LAP,Lapford
LAPWORTH,LPW,Lapworth
LARBERT,LBT,Larbert
LARGS,LAR,Largs
LARKHALL,LRH,Larkhall
LAURENCEKIRK,LAU,Laurencekirk
LAWRENCE HILL,LWH,Lawrence Hill
LAYTON (LANCS),LAY,Layton
LAZONBY,LZB,Lazonby
LEA BRIDGE,LEB,Lee Valley
LEA GREEN,LEG,St Helens
LEA HALL,LEH,Lea Hall
LEAGRAVE,LEA,Leagrave
LEALHOLM,LHM,Lealholm
LEAMINGTON SPA,LMS,Leamington Spa
LEASOWE,LSW,Leasowe
LEATHERHEAD,LHD,Leatherhead
LEDBURY,LED,Ledbury
LEE,LEE,Lee
LEEDS,LDS,Leeds
LEICESTER,LEI,Leicester
LEIGH,LIH,Leigh
LEIGH-ON-SEA,LES,Leigh-On-Sea
LEIGHTON BUZZARD,LBZ,Leighton Buzzard
LELANT,LEL,Lelant
LELANT SALTINGS,LTS,Lelant
LENHAM,LEN,Lenham
LENZIE,LNZ,Lenzie
LEOMINSTER,LEO,Leominster
LETCHWORTH,LET,Letchworth Garden City
LEUCHARS,LEU,Leuchars
LEVEN,LEV,Leven
LEVENSHULME,LVM,Levenshulme
LEWES,LWS,Lewes
LEWISHAM,LEW,Lewisham
LEYLAND,LEY,Leyland
LEYTON MIDLAND ROAD,LEM,Leyton
LEYTONSTONE HIGH ROAD,LER,Leytonstone
LICHFIELD CITY,LIC,Lichfield
LICHFIELD TRENT VALLEY,LTV,Lichfield Trent Valley
LIDLINGTON,LID,Lidlington
LIMEHOUSE,LHS,Limehouse
LINCOLN,LCN,Lincoln
LINGFIELD,LFD,Lingfield
LINGWOOD,LGD,Lingwood
LINLITHGOW,LIN,Linlithgow
LIPHOOK,LIP,Liphook
LISKEARD,LSK,Liskeard
LISS,LIS,Liss
LISVANE AND THORNHILL,LVT,Thornhill
LITTLE KIMBLE,LTK,Little Kimble
LITTLE SUTTON,LTT,Little Sutton
LITTLEBOROUGH,LTL,Littleborough
LITTLEHAMPTON,LIT,Littlehampton
LITTLEHAVEN,LVN,Littlehaven
LITTLEPORT,LTP,Littleport
LIVERPOOL CENTRAL (NORTHERN),LVC,Liverpool
LIVERPOOL JAMES STREET,LVJ,Liverpool
LIVERPOOL LIME STREET,LIV,Liverpool
LIVERPOOL SOUTH PARKWAY,LPY,Garston
LIVERPOOL STREET LONDON,LST,London
LIVINGSTON NORTH,LSN,Livingston
LIVINGSTON SOUTH,LVG,Livingston
LLANABER HALT,LLA,Llanaber
LLANBEDR,LBR,Llanbedr
LLANBISTER ROAD,LLT,Llangynllo
LLANBRADACH,LNB,Llanbradach
LLANDAF,LLN,Llandaf
LLANDANWG,LDN,Llandanwg
LLANDECWYN,LLC,Llandecwyn
LLANDEILO,LLL,Llandeilo
LLANDOVERY,LLV,Llandovery
LLANDRINDOD,LLO,Llandrindod Wells
LLANDUDNO,LLD,Llandudno
LLANDUDNO JUNCTION,LLJ,Llandudno Junction
LLANDYBIE,LLI,Llandybie
LLANELLI,LLE,Llanelli
LLANFAIRFECHAN,LLF,Llanfairfechan
LLANFAIRPWLL,LPG,Llanfairpwllgwyngyllgogerychwyrn-
LLANGADOG,LLG,Llangadog
LLANGAMMARCH,LLM,Llangammarch Wells
LLANGENNECH,LLH,Llangennech
LLANGYNLLO,LGO,Llangynllo
LLANHARAN,LLR,Llanharan
LLANHILLETH,LTH,Llanhilleth
LLANISHEN,LLS,Llanishen
LLANRWST,LWR,Llanwrst
LLANSAMLET,LAS,Llansamlet
LLANTWIT MAJOR,LWM,Llantwit Major
LLANWRDA,LNR,Llanwrda
LLANWRTYD,LNW,Llanwrtyd Wells
LLWYNGWRIL,LLW,Llwyngwril
LLWYNYPIA,LLY,Llwynypia
LOCH EIL OUTWARD BOUND,LHE,Next To Loch Eil
LOCHAILORT,LCL,Lochailort
LOCHEILSIDE,LCS,Corribeg
LOCHGELLY,LCG,Lochgelly
LOCHLUICHART,LCC,Lochluichart
LOCHWINNOCH,LHW,Lochwinnoch
LOCKERBIE,LOC,Lockerbie
LOCKWOOD,LCK,Lockwood
LONDON BRIDGE,LBG,London
LONDON FIELDS,LOF,Hackney
LONDON ROAD BRIGHTON,LRB,Brighton
LONDON ROAD GUILDFORD,LRD,Guildford
LONG BUCKBY,LBK,Long Buckby
LONG EATON,LGE,Long Eaton
LONG PRESTON,LPR,Long Preston
LONGBECK,LGK,Longbeck
LONGBRIDGE,LOB,Birmingham
LONGCROSS,LNG,Longcross
LONGFIELD,LGF,Longfield
LONGNIDDRY,LND,Longniddry
LONGPORT,LPT,Longport
LONGTON,LGN,Longton
LOOE,LOO,Looe
LOSTOCK GRALAM,LTG,Lostock Gralam
LOSTOCK HALL,LOH,Lostock Hall
LOSTOCK PARKWAY,LOT,Lostock
LOSTWITHIEL,LOS,Lostwithiel
LOUGHBOROUGH,LBO,Loughborough
LOUGHBOROUGH JUNCTION,LGJ,Brixton
LOW MOOR,LMR,Low Moor
LOWDHAM,LOW,Lowdham
LOWER SYDENHAM,LSY,Sydenham
LOWESTOFT,LWT,Lowestoft
LUDLOW,LUD,Ludlow
LUTON,LUT,Luton
LUTON AIRPORT PARKWAY,LTN,Luton
LUXULYAN,LUX,Luxulyan
LYDNEY,LYD,Lydney
LYE,LYE,Lye
LYMINGTON PIER,LYP,Lymington
LYMINGTON TOWN,LYT,Lymington
LYMPSTONE COMMANDO,LYC,Lympstone
LYMPSTONE VILLAGE,LYM,Lympstone
LYTHAM,LTM,Lytham
MACCLESFIELD,MAC,Macclesfield
MACHYNLLETH,MCN,Machynlleth
MAESTEG,MST,Maesteg
MAESTEG (EWENNY ROAD),MEW,Maesteg
MAGHULL,MAG,Maghull
MAGHULL NORTH,MNS,Maghull
MAIDEN NEWTON,MDN,Maiden Newton
MAIDENHEAD,MAI,Maidenhead
MAIDSTONE BARRACKS,MDB,Maidstone
MAIDSTONE EAST,MDE,Maidstone
MAIDSTONE WEST,MDW,Maidstone West
MALDEN MANOR,MAL,Malden Manor
MALLAIG,MLG,Mallaig
MALTON,MLT,Malton
MALVERN LINK,MVL,Malvern Link
MANCHESTER AIRPORT,MIA,Manchester
MANCHESTER OXFORD ROAD,MCO,Manchester Oxford Road
MANCHESTER PICCADILLY,MAN,Manchester
MANCHESTER UNITED FOOTBALL GD,MUF,Manchester United Football Ground
MANCHESTER VICTORIA,MCV,Manchester Victoria
MANEA,MNE,Manea
MANNINGTREE,MNG,Manningtree
MANOR PARK,MNP,Manor Park
MANOR ROAD,MNR,Hoylake
MANORBIER,MRB,Tenby
MANORS,MAS,Newcastle-Upon-Tyne
MANSFIELD,MFT,Mansfield
MANSFIELD WOODHOUSE,MSW,Mansfield Woodhouse
MARCH,MCH,March
MARDEN,MRN,Marden
MARGATE,MAR,Margate
MARKET HARBOROUGH,MHR,Market Harborough
MARKET RASEN,MKR,Market Rasen
MARKINCH,MNC,Markinch
MARKS TEY,MKT,Marks Tey
MARLOW,MLW,Marlow
MARPLE,MPL,Marple
MARSDEN,MSN,Marsden
MARSH BARTON,MBT,Exeter
MARSKE,MSK,Marske-By-The-Sea
MARSTON GREEN,MGN,Marston Green
MARTIN MILL,MTM,Martin Mill
MARTINS HERON,MAO,Martins Heron
MARTON,MTO,Marton-In-Cleveland
MARYHILL,MYH,Maryhill
MARYLAND,MYL,Maryland Point
MARYLEBONE LONDON,MYB,London
MARYPORT,MRY,Maryport
MATLOCK,MAT,Matlock
MATLOCK BATH,MTB,Matlock Bath
MAULDETH ROAD,MAU,Burnage
MAXWELL PARK GLASGOW,MAX,Maxwell Park
MAYBOLE,MAY,Maybole
MAZE HILL,MZH,Maze Hill
MEADOWHALL,MHS,Meadowhall
MELDRETH,MEL,Meldreth
MELKSHAM,MKM,Melksham
MELTON,MES,Melton
MELTON MOWBRAY,MMO,Melton Mowbray
MENHENIOT,MEN,Menheniot
MENSTON,MNN,Menston
MEOLS,MEO,Meols
MEOLS COP,MEC,Meols Cop
MEOPHAM,MEP,Meopham
MERIDIAN WATER,MRW,Edmonton
MERRYTON,MEY,Larkhall
MERSTHAM,MHM,Merstham
MERTHYR TYDFIL,MER,Merthyr Tydfil
MERTHYR VALE,MEV,Merthyr Vale
METHERINGHAM,MGM,Metheringham
METROCENTRE,MCE,Gateshead
MEXBOROUGH,MEX,Mexborough
MICHELDEVER,MIC,Micheldever
MICKLEFIELD,MIK,Micklefield
MIDDLESBROUGH,MBR,Middlesbrough
MIDDLEWOOD,MDL,Middlewood
MIDGHAM,MDG,Woolhampton
MILFORD,MLF,Milford
MILFORD HAVEN,MFH,Milford Haven
MILL HILL (LANCASHIRE),MLH,Mill Hill
MILL HILL BROADWAY,MIL,Mill Hill
MILLBROOK (BEDFORDSHIRE),MLB,Millbrook
MILLBROOK (HAMPSHIRE),MBK,Millbrook
MILLIKEN PARK,MIN,Johnstone
MILLOM,MLM,Millom
MILLS HILL,MIH,Middleton
MILNGAVIE,MLN,Milngavie
MILTON KEYNES CENTRAL,MKC,Milton Keynes
MINFFORDD,MFF,Minffordd
MINSTER_(THANET),MSR,Minster
MIRFIELD,MIR,Mirfield
MISTLEY,MIS,Mistley
MITCHAM EASTFIELDS,MTC,Mitcham
MITCHAM JUNCTION,MIJ,Mitcham
MOBBERLEY,MOB,Mobberley
MONIFIETH,MON,Monifieth
MONKS RISBOROUGH,MRS,Monks Risborough
MONTPELIER,MTP,Montpelier
MONTROSE,MTS,Montrose
MOORFIELDS,MRF,Liverpool
MOORGATE,MOG,London
MOORSIDE,MSD,Moorside
MOORTHORPE,MRP,Moorthorpe
MORAR,MRR,Morar
MORCHARD ROAD,MRD,Morchard Road
MORDEN SOUTH,MDS,Morden
MORECAMBE,MCM,Morecambe
MORETON (DORSET),MTN,Moreton
MORETON (MERSEYSIDE),MRT,Moreton
MORETON-IN-MARSH,MIM,Moreton-In-Marsh
MORFA MAWDDACH,MFA,Morfa Mawddach
MORLEY,MLY,Morley
MORPETH,MPT,Morpeth
MORTIMER,MOR,Mortimer
MORTLAKE,MTL,Mortlake
MOSELEY VILLAGE,MOV,Moseley
MOSES GATE,MSS,Moses Gate
MOSS SIDE,MOS,Moss Side
MOSSLEY (GREATER MANCHESTER),MSL,Mossley
MOSSLEY HILL,MSH,Mossley Hill
MOSSPARK,MPK,Mosspark
MOSTON,MSO,Moston
MOTHERWELL,MTH,Motherwell
MOTSPUR PARK,MOT,Motspur Park
MOTTINGHAM,MTG,Mottingham
MOULDSWORTH,MLD,Mouldsworth
MOULSECOOMB,MCB,Moulsecoomb
MOUNT FLORIDA GLASGOW,MFL,Mount Florida
MOUNTAIN ASH,MTA,Mountain Ash
MT. VERNON,MTV,Mount Vernon
MUIR OF ORD,MOO,Muir Of Ord
MUIREND GLASGOW,MUI,Muirend
MUSSELBURGH,MUB,Musselburgh
MYTHOLMROYD,MYT,Mytholmroyd
NAFFERTON,NFN,Nafferton
NAILSEA & BACKWELL,NLS,Backwell
NAIRN,NRN,Nairn
NANTWICH,NAN,Nantwich
NARBERTH,NAR,Narberth
NARBOROUGH,NBR,Narborough
NAVIGATION ROAD,NVR,Altrincham
NEATH,NTH,Neath
NEEDHAM MARKET,NMT,Needham Market
NEILSTON,NEI,Neilston
NELSON,NEL,Nelson
NESTON,NES,Neston
NETHERFIELD,NET,Colwick
NETHERTOWN,NRT,Nethertown
NETLEY,NTL,Netley Abbey
NEW BARNET,NBA,New Barnet
NEW BECKENHAM,NBC,Beckenham
NEW BRIGHTON,NBN,New Brighton
NEW CLEE,NCE,New Clee
NEW CROSS,NWX,New Cross
NEW CROSS GATE LONDON,NXG,New Cross
NEW CUMNOCK,NCK,New Cumnock
NEW ELTHAM,NEH,New Eltham
NEW HOLLAND,NHL,New Holland
NEW HYTHE,NHE,New Hythe
NEW LANE,NLN,Burscough
NEW MALDEN,NEM,New Malden
NEW MILLS CENTRAL,NMC,New Mills
NEW MILLS NEWTOWN,NMN,New Mills
NEW MILTON,NWM,New Milton
NEW PUDSEY,NPD,New Pudsey
NEW SOUTHGATE,NSG,New Southgate
NEWARK CASTLE,NCT,Newark
NEWARK NORTH GATE,NNG,Newark
NEWBRIDGE,NBE,Newbridge
NEWBURY,NBY,Newbury
NEWBURY RACECOURSE,NRC,Newbury
NEWCASTLE,NCL,Newcastle-Upon-Tyne
NEWCOURT,NCO,Exeter
NEWCRAIGHALL,NEW,Newcraighall
NEWHAVEN HARBOUR,NVH,Newhaven
NEWHAVEN TOWN,NVN,Newhaven
NEWINGTON,NGT,Newington
NEWMARKET,NMK,Newmarket
NEWPORT (ESSEX),NWE,Newport
NEWPORT (SOUTH WALES),NWP,Newport
NEWQUAY,NQY,Newquay
NEWSHAM,NWH,Newsham
NEWSTEAD,NSD,Newstead
NEWTON,NTN,Newton
NEWTON ABBOT,NTA,Newton Abbot
NEWTON AYCLIFFE,NAY,Newton Aycliffe
NEWTON FOR HYDE,NWN,Newton
NEWTON ON AYR,NOA,Ayr
NEWTON ST CYRES,NTC,Newton St Cyres
NEWTON-LE-WILLOWS,NLW,Newton-Le-Willows
NEWTONGRANGE,NEG,Newtongrange
NEWTONMORE,NWR,Newtonmore
NEWTOWN (POWYS),NWT,Newtown
NINIAN PARK,NNP,Ninian Park
NITSHILL GLASGOW,NIT,Glasgow
NORBITON,NBT,Norbiton
NORBURY,NRB,Norbury
NORMANS BAY,NSB,Pevensey
NORMANTON,NOR,Normanton
NORTH BERWICK,NBW,North Berwick
NORTH CAMP,NCM,Ash Vale
NORTH DULWICH,NDL,Dulwich
NORTH FAMBRIDGE,NFA,North Fambridge
NORTH LLANRWST,NLR,Llanwrst
NORTH QUEENSFERRY,NQU,Inverkeithing
NORTH ROAD <DARLINGTON>,NRD,Darlington
NORTH SHEEN,NSH,Richmond
NORTH WALSHAM,NWA,North Walsham
NORTH WEMBLEY,NWB,Wembley
NORTHALLERTON,NTR,Northallerton
NORTHAMPTON,NMP,Northampton
NORTHFIELD,NFD,Northfield
NORTHFLEET,NFL,Northfleet
NORTHOLT PARK,NLT,South Harrow
NORTHUMBERLAND PARK (LONDON),NUM,Tottenham
NORTHUMBERLAND PARK (T&W),NOP,Northumberland Park (Tyne & Wear)
NORTHWICH,NWI,Northwich
NORWICH,NRW,Norwich
NORWOOD JUNCTION,NWD,South Norwood
NOTTINGHAM,NOT,Nottingham
NUNEATON TRENT VALLEY,NUN,Nuneaton
NUNHEAD,NHD,Nunhead
NUNTHORPE,NNT,Nunthorpe
NUTBOURNE,NUT,Nutbourne
NUTFIELD,NUF,South Nutfield
OAKENGATES,OKN,Telford
OAKHAM,OKM,Oakham
OAKLEIGH PARK,OKL,Oakleigh Park
OBAN,OBN,Oban
OCKENDON,OCK,Ockendon
OCKLEY,OLY,Ockley
OKEHAMPTON,OKE,Okehampton
OLD HILL,OHL,Old Hill
OLD ROAN,ORN,Bootle
OLD STREET,OLD,London
OLDFIELD PARK,OLF,Bath Spa
OLTON,OLT,Solihull
ORE,ORE,Hastings
ORMSKIRK,OMS,Ormskirk
ORPINGTON,ORP,Orpington
ORRELL,ORR,Orrell
ORRELL PARK,OPK,Orrell Park
OTFORD,OTF,Otford
OULTON BROAD NORTH,OUN,Oulton Broad
OULTON BROAD SOUTH,OUS,Oulton Broad
OUTWOOD,OUT,Outwood
OVERPOOL,OVE,Ellesmere Port
OVERTON,OVR,Overton
OXENHOLME,OXN,Oxenholme
OXFORD,OXF,Oxford
OXFORD PARKWAY,OXP,Oxford Parkway
OXSHOTT,OXS,Oxshott
OXTED,OXT,Oxted
PADDINGTON LONDON,PAD,London
PADDOCK WOOD,PDW,Paddock Wood
PADGATE,PDG,Padgate
PAIGNTON,PGN,Paignton
PAISLEY CANAL,PCN,Paisley
PAISLEY GILMOUR STREET,PYG,Paisley
PAISLEY ST.JAMES,PYJ,Paisley
PALMERS GREEN,PAL,Palmers Green
PANGBOURNE,PAN,Pangbourne
PANNAL,PNL,Pannal
PANTYFFYNNON,PTF,Pantyffynnon
PAR,PAR,Par
PARBOLD,PBL,Parbold
PARK STREET,PKT,Park Street
PARKSTONE,PKS,Parkstone
PARSON STREET,PSN,Parson Street
PARTICK,PTK,Partick
PARTON,PRN,Parton
PATCHWAY,PWY,Patchway
PATRICROFT,PAT,Patricroft
PATTERTON,PTT,Patterton
PEARTREE,PEA,Peartree
PECKHAM RYE,PMR,Peckham
PEGSWOOD,PEG,Pegswood
PEMBERTON,PEM,Pemberton
PEMBREY & BURRY PORT,PBY,Burry Port
PEMBROKE,PMB,Pembroke
PEMBROKE DOCK,PMD,Pembroke Dock
PEN-Y-BONT,PNY,Pen-Y-Bont
PENALLY,PNA,Penally
PENARTH,PEN,Penarth
PENCOED,PCD,Pencoed
PENGAM,PGM,Pengam
PENGE EAST,PNE,Penge
PENGE WEST,PNW,Penge
PENHELIG,PHG,Penhelig
PENISTONE,PNS,Penistone
PENKRIDGE,PKG,Penkridge
PENMAENMAWR,PMW,Penmaenmawr
PENMERE,PNM,Falmouth
PENRHIWCEIBER,PER,Penrhiwceiber
PENRHYNDEUDRAETH,PRH,Penrhyndeudraeth
PENRITH,PNR,Penrith
PENRYN,PYN,Penryn
PENSARN,PES,Llanbedre
PENSHURST,PHR,Penshurst
PENTRE-BACH,PTB,Pentre-Bach
PENYCHAIN,PNC,Chwilog
PENYFFORDD,PNF,Pen-Y-Ffordd
PENZANCE,PNZ,Penzance
PERRANWELL,PRW,Perranwell
PERRY BARR,PRY,Perry Barr
PERSHORE,PSH,Pershore
PERTH,PTH,Perth
PETERBOROUGH,PBO,Peterborough
PETERSFIELD,PTR,Petersfield
PETTS WOOD,PET,Petts Wood
PEVENSEY & WESTHAM,PEV,Westham
PEVENSEY BAY,PEB,Pevensey
PEWSEY,PEW,Pewsey
PILNING,PIL,Pilning
PINEAPPLE ROAD,PIR,Pineapple Road
PINHOE,PIN,Pinhoe
PITLOCHRY,PIT,Pitlochry
PITSEA,PSE,Pitsea
PLEASINGTON,PLS,Pleasington
PLOCKTON,PLK,Plockton
PLUCKLEY,PLC,Pluckley
PLUMLEY,PLM,Plumley
PLUMPTON,PMP,Plumpton Green
PLUMSTEAD LONDON,PLU,Plumstead
PLYMOUTH,PLY,Plymouth
POKESDOWN,POK,Pokesdown
POLEGATE,PLG,Polegate
POLESWORTH,PSW,Polesworth
POLLOKSHAWS EAST,PWE,Pollokshaws
POLLOKSHAWS WEST,PWW,Pollokshaws
POLLOKSHIELDS EAST GLASGOW,PLE,Pollokshields
POLLOKSHIELDS WEST,PLW,Pollokshields
POLMONT,PMT,Polmont
POLSLOE BRIDGE,POL,Exeter
PONDERS END,PON,Ponders End
PONT-Y-PANT,PYP,Pont-Y-Pant
PONTARDDULAIS,PTD,Pontarddulais
PONTEFRACT BAGHILL,PFR,Pontefract
PONTEFRACT MONKHILL,PFM,Pontefract
PONTEFRACT TANSHELF,POT,Pontefract
PONTLOTTYN,PLT,Pontlottyn
PONTYCLUN,PYC,Pontyclun
PONTYPOOL AND NEW INN,PPL,Pontypool & New Inn
PONTYPRIDD,PPD,Pontypridd
POOLE,POO,Poole
POPPLETON,POP,Upper Poppleton
PORT GLASGOW,PTG,Port Glasgow
PORT SUNLIGHT,PSL,Port Sunlight
PORT TALBOT,PTA,Port Talbot
PORTCHESTER,PTC,Portchester
PORTH,POR,Porth
PORTHMADOG,PTM,Porthmadog
PORTLETHEN,PLN,Portlethen
PORTSLADE,PLD,Portslade
PORTSMOUTH & SOUTHSEA,PMS,Portsmouth
PORTSMOUTH ARMS,PMA,Portsmouth Arms
PORTSMOUTH HARBOUR,PMH,Portsmouth
PORTWAY PARK & RIDE,PRI,Shirehampton
POSSILPARK & PARKHOUSE,PPK,Possil Park
POTTERS BAR,PBR,Potters Bar
POULTON-LE-FYLDE,PFY,Poulton-Le-Fylde
POYNTON,PYT,Poynton
PREES,PRS,Prees
PRESCOT,PSC,Prescot
PRESTATYN,PRT,Prestatyn
PRESTBURY,PRB,Prestbury
PRESTON,PRE,Preston
PRESTON PARK,PRP,Preston Park
PRESTONPANS,PST,Prestonpans
PRESTWICK,PTW,Prestwick
PRESTWICK INTERNAT'NL AIRPORT,PRA,Prestwick International Airport
PRIESTHILL & DARNLEY,PTL,Darnley
PRINCES RISBOROUGH,PRR,Princes Risborough
PRITTLEWELL,PRL,Prittlewell
PRUDHOE,PRU,Prudhoe
PULBOROUGH,PUL,Pulborough
PURFLEET,PFL,Purfleet
PURLEY,PUR,Purley
PURLEY OAKS,PUO,Purley
PUTNEY,PUT,Putney
PWLLHELI,PWL,Pwllheli
PYE CORNER,PYE,Pye Corner
PYLE,PYL,Pyle
QUAKERS YARD,QYD,Edwardsville
QUEEN'S PARK (GREATER LONDON),QPW,West Kilburn
QUEEN'S PARK (STRATHCLYDE),QPK,Queens Park
QUEEN'S ROAD PECKHAM,QRP,Peckham
QUEENBOROUGH,QBR,Queenborough
QUEENSTOWN ROAD(BATTERSEA),QRB,Battersea
QUINTRELL DOWNS,QUI,Quintrell Downs
RADCLIFFE (NOTTINGHAMSHIRE),RDF,Radcliffe-On-Trent
RADLETT,RDT,Radlett
RADLEY,RAD,Radley
RADYR,RDR,Radyr
RAINFORD,RNF,Rainford
RAINHAM (GREATER LONDON),RNM,Rainham
RAINHAM KT,RAI,Rainham
RAINHILL,RNH,Rainhill
RAMSGATE,RAM,Ramsgate
RAMSGREAVE & WILPSHIRE,RGW,Wilpshire
RANNOCH FOR KINLOCH RANNOCH,RAN,Moor Of Rannoch
RAUCEBY,RAU,Greylees
RAVENGLASS,RAV,Ravenglass
RAVENSBOURNE,RVB,Beckenham
RAVENSTHORPE,RVN,Ravensthorpe
RAWCLIFFE,RWC,Rawcliffe
RAYLEIGH,RLG,Rayleigh
RAYNES PARK,RAY,Raynes Park
READING,RDG,Reading
READING GREEN PARK,RGP,Reading
READING WEST,RDW,Reading
RECTORY ROAD,REC,Stoke Newington
REDBRIDGE HANTS,RDB,Redbridge
REDCAR BRITISH STEEL,RBS,Redcar
REDCAR CENTRAL,RCC,Redcar
REDCAR EAST,RCE,Redcar East
REDDISH NORTH,RDN,Reddish
REDDISH SOUTH,RDS,Reddish
REDDITCH,RDC,Redditch
REDHILL,RDH,Redhill
REDLAND,RDA,Redland
REDRUTH,RED,Redruth
REEDHAM (GREATER LONDON),RHM,Purley
REEDHAM (NORFOLK),REE,Reedham
REIGATE,REI,Reigate
RENTON,RTN,Renton
RESTON,RSN,Reston
RETFORD,RET,Retford
RHIWBINA,RHI,Rhiwbina
RHOOSE (CARDIFF INTL AIRPORT),RIA,Rhoose Cardiff International Airport
RHOSNEIGR,RHO,Rhosneigr
RHYL,RHL,Rhyl
RHYMNEY,RHY,Rhymney
RIBBLEHEAD,RHD,Ingleton
RICE LANE,RIL,Walton
RICHMOND,RMD,Richmond
RICKMANSWORTH LT,RIC,Rickmansworth
RIDDLESDOWN,RDD,Purley
RIDGMONT,RID,Ridgmont
RIDING MILL,RDM,Riding Mill
RISCA & PONTYMISTER,RCA,Risca & Pontymister
RISHTON,RIS,Rishton
ROBERTSBRIDGE,RBR,Robertsbridge
ROBROYSTON,RRN,Robroyston
ROBY,ROB,Roby
ROCHDALE,RCD,Rochdale
ROCHE,ROC,Roche
ROCHESTER,RTR,Rochester
ROCHFORD,RFD,Rochford
ROCK FERRY,RFY,Birkenhead
ROGART,ROG,Rogart
ROGERSTONE,ROR,Rogerstone
ROLLESTON,ROL,Rolleston
ROMAN BRIDGE,RMB,Pont Rufineig
ROMFORD,RMF,Romford
ROMILEY,RML,Romiley
ROMSEY,ROM,Romsey
ROOSE,ROO,Roose
ROSE GROVE,RSG,Rose Grove
ROSE HILL (MARPLE),RSH,Rose Hill Marple
ROSYTH,ROS,Rosyth
ROTHERHAM CENTRAL,RMC,Rotherham
ROTHERHITHE,ROE,Rotherhithe
ROUGHTON ROAD,RNR,Cromer
ROWLANDS CASTLE,RLN,Rowlands Castle
ROWLEY REGIS,ROW,Rowley Regis
ROY BRIDGE,RYB,Roybridge
ROYDON,RYN,Roydon
ROYSTON HERTS,RYS,Royston
RUABON,RUA,Ruabon
RUFFORD,RUF,Rufford
RUGBY,RUG,Rugby
RUGELEY TOWN,RGT,Rugeley
RUGELEY TRENT VALLEY,RGL,Rugeley
RUNCORN,RUN,Runcorn
RUNCORN EAST,RUE,Runcorn
RUSKINGTON,RKT,Ruskington
RUSWARP,RUS,Ruswarp
RUTHERGLEN,RUT,Rutherglen
RYDE ESPLANADE,RYD,Ryde
RYDE HOVERPORT,XRD,Ryde Hoverport
RYDE PIER HEAD,RYP,Ryde
RYDE ST.JOHN'S ROAD,RYR,Ryde
RYDER BROW,RRB,Ryder
RYE,RYE,Rye
RYE HOUSE,RYH,Hoddesdon
SALFORD,SFD,Salford
SALFORD CRESCENT,SLD,Salford
SALFORDS,SAF,Salfords
SALHOUSE,SAH,Salhouse
SALISBURY,SAL,Salisbury
SALTAIRE,SAE,Saltaire
SALTASH,STS,Saltash
SALTBURN,SLB,Saltburn-By-The-Sea
SALTCOATS,SLT,Saltcoats
SALTMARSHE,SAM,Laxton
SALWICK,SLW,Salwick
SAMPFORD COURTENAY,SMC,Belstone Corner
SANDAL & AGBRIGG,SNA,Sandal
SANDBACH,SDB,Sandbach
SANDERSTEAD,SNR,Sanderstead
SANDHILLS,SDL,Liverpool
SANDHURST,SND,Sandhurst
SANDLING,SDG,Sandling
SANDOWN,SAN,Sandown
SANDPLACE,SDP,Sandplace
SANDWELL & DUDLEY,SAD,West Bromwich
SANDWICH,SDW,Sandwich
SANDY,SDY,Sandy
SANKEY FOR PENKETH,SNK,Sankey
SANQUHAR,SQH,Sanquhar
SARN,SRR,Sarn
SAUNDERSFOOT,SDF,Saundersfoot
SAUNDERTON,SDR,Saunderton
SAWBRIDGEWORTH,SAW,Sawbridgeworth
SAXILBY,SXY,Saxilby
SAXMUNDHAM,SAX,Saxmundham
SCARBOROUGH,SCA,Scarborough
SCOTSCALDER,SCT,Westerdale
SCOTSTOUNHILL GLASGOW,SCH,Scotstounhill
SCUNTHORPE,SCU,Scunthorpe
SEA MILLS,SML,Sea Mills
SEAFORD,SEF,Seaford
SEAFORTH & LITHERLAND,SFL,Liverpool
SEAHAM,SEA,Seaham
SEAMER,SEM,Seamer
SEASCALE,SSC,Seascale
SEATON CAREW,SEC,Seaton Carew
SEATON DELAVAL,SEJ,Seaton Delaval
SEER GREEN AND JORDANS,SRG,Seer Green
SELBY,SBY,Selby
SELHURST,SRS,Selhurst
SELLAFIELD,SEL,Sellafield
SELLING,SEG,Selling
SELLY OAK,SLY,Selly Oak
SETTLE,SET,Settle
SEVEN KINGS,SVK,Seven Kings
SEVEN SISTERS,SVS,Seven Sisters
SEVENOAKS,SEV,Sevenoaks
SEVERN BEACH,SVB,Severn Beach
SEVERN TUNNEL JUNCTION,STJ,Rogiet
SHADWELL,SDE,Shadwell
SHALFORD,SFR,Shalford
SHANKLIN,SHN,Shanklin
SHAWFAIR,SFI,Shawfair
SHAWFORD,SHW,Shawford
SHAWLANDS GLASGOW,SHL,Shawlands
SHEERNESS-ON-SEA,SSS,Sheerness-On-Sea
SHEFFIELD,SHF,Sheffield
SHELFORD,SED,Shelford
SHENFIELD,SNF,Shenfield
SHENSTONE,SEN,Shenstone
SHEPHERDS BUSH,SPB,Shepherd's Bush
SHEPHERDS WELL,SPH,Shepherdswell
SHEPLEY,SPY,Shepley
SHEPPERTON,SHP,Shepperton
SHEPRETH,STH,Shepreth
SHERBORNE,SHE,Sherborne
SHERBURN-IN-ELMET,SIE,Sherburn-In-Elmet
SHERINGHAM,SHM,Sheringham
SHETTLESTON,SLS,Shettleston
SHIELDMUIR,SDM,Wishaw
SHIFNAL,SFN,Shifnal
SHILDON,SHD,Shildon
SHIPLAKE,SHI,Lower Shiplake
SHIPLEY,SHY,Shipley
SHIPPEA HILL,SPP,Shippea Hill
SHIPTON,SIP,Shipton-Under-Wychwood
SHIREBROOK (DERBYS),SHB,Shirebrook
SHIREHAMPTON,SHH,Shirehampton
SHIREOAKS,SRO,Shireoaks
SHIRLEY,SRL,Shirley
SHOEBURYNESS,SRY,Shoeburyness
SHOLING,SHO,Sholing
SHOREDITCH HIGH STREET,SDC,Shoreditch
SHOREHAM (KENT),SEH,Shoreham
SHOREHAM-BY-SEA  (WEST SUSSEX),SSE,Shoreham-By-Sea
SHORTLANDS,SRT,Shortlands
SHOTTON,SHT,Shotton
SHOTTS,SHS,Dykehead
SHREWSBURY,SHR,Shrewsbury
SIDCUP,SID,Sidcup
SILEBY,SIL,Sileby
SILECROFT,SIC,Silecroft
SILKSTONE COMMON,SLK,Silkstone Common
SILVER STREET,SLV,Edmonton
SILVERDALE,SVR,Silverdale
SINGER,SIN,Clydebank
SITTINGBOURNE,SIT,Sittingbourne
SKEGNESS,SKG,Skegness
SKEWEN,SKE,Skewen
SKIPTON,SKI,Skipton
SLADE GREEN,SGR,Slade Green
SLAITHWAITE,SWT,Slaithwaite
SLATEFORD EDINBURGH,SLA,Slateford
SLEAFORD,SLR,Sleaford
SLEIGHTS,SLH,Sleights
SLOUGH,SLO,Slough
SMALL HEATH,SMA,Small Heath
SMALLBROOK JUNCTION,SAB,Ryde
SMETHWICK GALTON BRIDGE,SGB,Smethwick
SMETHWICK ROLFE STREET,SMR,Smethwick
SMITHY BRIDGE,SMB,Smithy Bridge
SNAITH,SNI,Snaith
SNODLAND,SDA,Snodland
SNOWDOWN,SWO,Nonington
SOHAM,SOJ,Soham
SOLE STREET,SOR,Cobham
SOLIHULL,SOL,Solihull
SOMERLEYTON,SYT,Somerleyton
SOUTH ACTON,SAT,Acton
SOUTH BANK,SBK,Middlesbrough
SOUTH BERMONDSEY,SBM,Bermondsey
SOUTH CROYDON,SCY,Croydon
SOUTH ELMSALL,SES,South Elmsall
SOUTH GREENFORD,SGN,Greenford
SOUTH GYLE,SGL,South Gyle
SOUTH HAMPSTEAD,SOH,South Hampstead
SOUTH KENTON,SOK,Wembley
SOUTH MERTON,SMO,Merton
SOUTH MILFORD,SOM,South Milford
SOUTH RUISLIP,SRU,Ruislip
SOUTH TOTTENHAM,STO,Tottenham
SOUTH WIGSTON,SWS,Wigston
SOUTH WOODHAM FERRERS,SOF,South Woodham Ferrers
SOUTHALL,STL,Southall
SOUTHAMPTON AIRPORT (PARKWAY),SOA,Southampton
SOUTHAMPTON CENTRAL,SOU,Southampton
SOUTHBOURNE,SOB,Southbourne
SOUTHBURY,SBU,Enfield
SOUTHEASE,SEE,Southease
SOUTHEND AIRPORT,SIA,Essex
SOUTHEND CENTRAL,SOC,Southend-On-Sea
SOUTHEND EAST,SOE,Southend-On-Sea
SOUTHEND VICTORIA,SOV,Southend-On-Sea
SOUTHMINSTER,SMN,Southminster
SOUTHPORT,SOP,Southport
SOUTHSEA HOVERPORT,SHV,Southsea Hoverport
SOUTHWICK,SWK,Southwick
SOWERBY BRIDGE,SOW,Sowerby Bridge
SPALDING,SPA,Spalding
SPEAN BRIDGE,SBR,Spean Bridge
SPITAL,SPI,Spital
SPONDON,SPO,Spondon
SPOONER ROW,SPN,Spooner Row
SPRING ROAD,SRI,Tyseley
SPRINGBURN GLASGOW,SPR,Springburn
SPRINGFIELD,SPF,Springfield
SQUIRES GATE,SQU,Squires Gate
ST ALBANS ABBEY,SAA,St Albans
ST ALBANS CITY,SAC,St. Albans
ST ANDREWS ROAD,SAR,St Andrews Road
ST ANNES-ON-THE-SEA,SAS,St Annes-On-The-Sea
ST AUSTELL,SAU,St Austell
ST BEES,SBS,St Bees
ST BUDEAUX FERRY ROAD,SBF,St Budeaux Ferry Road
ST BUDEAUX VICTORIA ROAD,SBV,St Budeaux Victoria Road
ST COLUMB ROAD,SCR,St Columb Road
ST DENYS,SDN,Portswood
ST ERTH,SER,St Erth
ST GERMANS,SGM,St Germans
ST HELENS CENTRAL,SNH,St Helens
ST HELENS JUNCTION,SHJ,St Helens
ST HELIER,SIH,St Helier
ST IVES CORNWALL,SIV,St Ives
ST JAMES STREET,SJS,St James Street (Walthamstow)
ST JAMES' PARK,SJP,Exeter
ST JOHNS,SAJ,Lewisham
ST KEYNE,SKN,St Keyne Wishing Well Halt
ST LEONARDS W S,SLQ,St Leonards
ST MARGARETS (GREATER LONDON),SMG,Twickenham
ST MARGARETS (HERTFORDSHIRE),SMT,Stanstead Abbots
ST MARY CRAY,SMY,St Mary Cray
ST MICHAELS,STM,St Michaels
ST NEOTS,SNO,St Neots
ST PANCRAS,SPX,London St Pancras (Eurostar)
ST PANCRAS LONDON,STP,London St Pancras International
STAFFORD,STA,Stafford
STAINES,SNS,Staines
STALLINGBOROUGH,SLL,Stallingborough
STALYBRIDGE,SYB,Stalybridge
STAMFORD,SMD,Stamford
STAMFORD HILL,SMH,Stamford Hill
STANFORD-LE-HOPE,SFO,Stanford-Le-Hope
STANLOW & THORNTON,SNT,Stanlow
STANSTED AIRPORT,SSD,Stansted Airport
STANSTED MOUNTFITCHET,SST,Stansted Mountfitchet
STAPLEHURST,SPU,Staplehurst
STAPLETON ROAD,SRD,Stapleton Road
STARBECK,SBE,Starbeck
STARCROSS,SCS,Starcross
STAVELEY (CUMBRIA),SVL,Staveley
STECHFORD,SCF,Stechford
STEETON & SILSDEN,SON,Steeton
STEPPS,SPS,Stepps
STEVENAGE,SVG,Stevenage
STEVENSTON,STV,Stevenston
STEWARTBY,SWR,Stewartby
STEWARTON,STT,Stewarton
STIRLING,STG,Stirling
STOCKPORT,SPT,Stockport
STOCKSFIELD,SKS,Stocksfield
STOCKSMOOR,SSM,Stocksmoor
STOCKTON,STK,Stockton-On-Tees
STOKE MANDEVILLE,SKM,Stoke Mandeville
STOKE NEWINGTON,SKW,Stoke Newington
STOKE-ON-TRENT,SOT,Stoke-On-Trent
STONE,SNE,Stone
STONE CROSSING,SCG,Greenhithe
STONEBRIDGE PARK,SBP,Stonebridge Park
STONEGATE,SOG,Stonegate
STONEHAVEN,STN,Stonehaven
STONEHOUSE GLOS,SHU,Stonehouse
STONELEIGH,SNL,Stoneleigh
STOURBRIDGE JUNCTION,SBJ,Stourbridge
STOURBRIDGE TOWN,SBT,Stourbridge
STOW,SOI,Stow
STOWMARKET,SMK,Stowmarket
STRANRAER,STR,Stranraer
STRATFORD,SRA,Stratford
STRATFORD INTERNATIONAL,SFA,Stratford
STRATFORD UPON AVON PARKWAY,STY,Stratford-Upon-Avon
STRATFORD-UPON-AVON,SAV,Stratford-Upon-Avon
STRATHCARRON,STC,Strathcarron
STRAWBERRY HILL,STW,Twickenham
STREATHAM,STE,Streatham
STREATHAM COMMON,SRC,Streatham
STREATHAM HILL,SRH,Streatham
STREETHOUSE,SHC,Streethouse
STRINES,SRN,Strines
STROMEFERRY,STF,Stromeferry
STROOD,SOO,Strood
STROUD,STD,Stroud
STURRY,STU,Sturry
STYAL,SYA,Styal
SUDBURY & HARROW ROAD,SUD,Sudbury
SUDBURY HILL,SDH,Sudbury Hill Harrow
SUDBURY SUFFOLK,SUY,Sudbury
SUGAR LOAF,SUG,Llanwrtyd Wells
SUMMERSTON,SUM,Summerston
SUNBURY,SUU,Sunbury-On-Thames
SUNDERLAND,SUN,Sunderland
SUNDRIDGE PARK,SUP,Sundridge Park
SUNNINGDALE,SNG,Sunningdale
SUNNYMEADS,SNY,Wraysbury
SURBITON,SUR,Surbiton
SURREY QUAYS,SQE,Rotherhithe
SUTTON (IN ASHFIELD) PARKWAY,SPK,Sutton-In-Ashfield
SUTTON (SURREY),SUO,Sutton (London)
SUTTON COLDFIELD,SUT,Sutton Coldfield
SUTTON COMMON,SUC,Sutton
SWALE,SWL,Sittingbourne
SWANLEY,SAY,Swanley
SWANSCOMBE,SWM,Swanscombe
SWANSEA,SWA,Swansea
SWANWICK,SNW,Park Gate
SWAY,SWY,Sway
SWAYTHLING,SWG,Swaythling
SWINDERBY,SWD,Swinderby
SWINDON,SWI,Swindon
SWINESHEAD,SWE,Swineshead
SWINTON,SWN,Swinton
SWINTON (GREATER MANCHESTER),SNN,Swinton
SYDENHAM,SYD,Sydenham
SYDENHAM HILL,SYH,Sydenham Hill
SYON LANE,SYL,Isleworth
SYSTON,SYS,Syston
TACKLEY,TAC,Tackley
TADWORTH,TAD,Tadworth
TAFFS WELL,TAF,Taffs Well
TAIN,TAI,Tain
TAL-Y-CAFN,TLC,Tal-Y-Cafn
TALSARNAU,TAL,Talsarnau
TALYBONT,TLB,Talybont
TAME BRIDGE PKWY,TAB,Tame Bridge Parkway
TAMWORTH,TAM,Tamworth
TAPLOW,TAP,Taplow
TATTENHAM CORNER,TAT,Epsom
TAUNTON,TAU,Taunton
TAYNUILT,TAY,Taynuilt
TEDDINGTON,TED,Teddington
TEES-SIDE AIRPORT,TEA,Eaglescliffe
TEIGNMOUTH,TGM,Teignmouth
TELFORD CENTRAL,TFC,Telford
TEMPLECOMBE,TMC,Templecombe
TENBY,TEN,Tenby
TEYNHAM,TEY,Teynham
THAMES DITTON,THD,Thames Ditton
THANET PARKWAY,THP,Thanet Parkway
THATCHAM,THA,Thatcham
THATTO HEATH,THH,St Helens
THE HAWTHORNS,THW,West Bromwich
THE LAKES,TLK,Earlswood Lakes
THEALE,THE,Theale
THEOBALDS GROVE APT,TEO,Waltham Cross
THETFORD,TTF,Thetford
THIRSK,THI,Thirsk
THORNABY,TBY,Thornaby
THORNE NORTH,TNN,Thorne
THORNE SOUTH,TNS,Thorne
THORNFORD,THO,Thornford
THORNLIEBANK,THB,Thornliebank
THORNTON ABBEY,TNA,Thornton Curtis
THORNTON HEATH,TTH,Thornton Heath
THORNTONHALL,THT,Thorntonhall
THORPE BAY,TPB,Thorpe Bay
THORPE CULVERT,TPC,Thorpe St Peters
THORPE-LE-SOKEN,TLS,Thorpe-Le-Soken
THREE BRIDGES,TBD,Three Bridges
THREE OAKS,TOK,Three Oaks
THURGARTON,THU,Thurgarton
THURNSCOE,THC,Thurnscoe
THURSO,THS,Thurso
THURSTON,TRS,Thurston
TILBURY TOWN,TIL,Tilbury
TILE HILL,THL,Tile Hill
TILEHURST,TLH,Tilehurst
TIPTON,TIP,Tipton
TIR-PHIL,TIR,Tir-Phil
TISBURY,TIS,Tisbury
TIVERTON PARKWAY,TVP,Sampford Peverell
TODMORDEN,TOD,Todmorden
TOLWORTH,TOL,Tolworth
TON PENTRE,TPN,Ton Pentre
TONBRIDGE,TON,Tonbridge
TONDU,TDU,Tondu
TONFANAU,TNF,Tonfanau
TONYPANDY,TNP,Tonypandy
TOOTING,TOO,Tooting
TOPSHAM,TOP,Topsham
TORQUAY,TQY,Torquay
TORRE,TRR,Torre
TOTNES,TOT,Totnes
TOTTENHAM COURT ROAD EL,TCR,London
TOTTENHAM HALE,TOM,Tottenham
TOTTON,TTN,Totton
TOWN GREEN,TWN,Town Green
TRAFFORD PARK,TRA,Trafford Park
TREFFOREST,TRF,Trefforest
TREFFOREST ESTATE,TRE,Trefforest
TREHAFOD,TRH,Trehafod
TREHERBERT,TRB,Treherbert
TREORCHY,TRY,Treorchy
TRIMLEY,TRM,Trimley St Mary
TRING,TRI,Tring
TROED Y RHIW,TRD,Troed-Y-Rhiw
TROON,TRN,Troon
TROWBRIDGE,TRO,Trowbridge
TRURO,TRU,Truro
TULLOCH,TUL,Tulloch
TULSE HILL,TUH,Tulse Hill
TUNBRIDGE WELLS,TBW,Tunbridge Wells
TURKEY STREET,TUR,Enfield
TUTBURY & HATTON,TUT,Hatton
TWEEDBANK,TWB,Tweedbank
TWICKENHAM,TWI,Twickenham
TWYFORD,TWY,Twyford
TY CROES,TYC,Ty Croes
TY GLAS,TGS,Ty Glas
TYGWYN,TYG,Tygwyn
TYNDRUM LOWER,TYL,Tyndrum
TYSELEY,TYS,Tyseley
TYWYN,TYW,Tywyn
UCKFIELD,UCK,Uckfield
UDDINGSTON,UDD,Uddingston
ULCEBY,ULC,Ulceby
ULLESKELF,ULL,Ulleskelf
ULVERSTON,ULV,Ulverston
UMBERLEIGH,UMB,Umberleigh
UNIVERSITY (BIRMINGHAM),UNI,University (Birmingham)
UPHALL,UHA,Livingston
UPHOLLAND,UPL,Upholland
UPMINSTER,UPM,Upminster
UPPER HALLIFORD,UPH,Sunbury-On-Thames
UPPER HOLLOWAY,UHL,Upper Holloway
UPPER TYNDRUM,UTY,Tyndrum
UPPER WARLINGHAM,UWL,Whyteleafe
UPTON CHESHIRE,UPT,Upton
UPWEY,UPW,Upwey
URMSTON,URM,Urmston
UTTOXETER,UTT,Uttoxeter
VALLEY,VAL,Valley
VAUXHALL LONDON,VXH,Vauxhall
VICTORIA LONDON,VIC,London
VIRGINIA WATER,VIR,Virginia Water
WADDON,WDO,Croydon
WADHURST,WAD,Wadhurst
WAINFLEET,WFL,Wainfleet All Saints
WAKEFIELD KIRKGATE,WKK,Wakefield
WAKEFIELD WESTGATE,WKF,Wakefield
WALKDEN,WKD,Walkden
WALLASEY GROVE ROAD,WLG,Wallasey
WALLASEY VILLAGE,WLV,Wallasey
WALLINGTON,WLT,Wallington
WALLYFORD,WAF,Wallyford
WALMER,WAM,Walmer
WALSALL,WSL,Walsall
WALSDEN,WDN,Walsden
WALTHAM CROSS,WLC,Waltham Cross
WALTHAMSTOW CENTRAL,WHC,Walthamstow
WALTHAMSTOW QUEENS ROAD,WMW,Walthamstow
WALTON (MERSEYSIDE),WAO,Walton
WALTON-ON-THAMES,WAL,Walton-On-Thames
WALTON-ON-THE-NAZE,WON,Walton-On-The-Naze
WANBOROUGH,WAN,Wanborough
WANDSWORTH COMMON LONDON,WSW,Wandsworth
WANDSWORTH ROAD LONDON,WWR,Wandsworth
WANDSWORTH TOWN,WNT,Wandsworth
WANSTEAD PARK,WNP,Wanstead
WAPPING,WPE,Wapping
WARBLINGTON,WBL,Warblington
WARE,WAR,Ware
WAREHAM,WRM,Wareham
WARGRAVE,WGV,Wargrave
WARMINSTER,WMN,Warminster
WARNHAM,WNH,Warnham
WARRINGTON BANK QUAY,WBQ,Warrington
WARRINGTON CENTRAL,WAC,Warrington
WARRINGTON WEST,WAW,Great Sankey
WARWICK,WRW,Warwick
WARWICK PARKWAY,WRP,Warwick
WATER ORTON,WTO,Water Orton
WATERBEACH,WBC,Waterbeach
WATERINGBURY,WTR,Wateringbury
WATERLOO (EAST) LONDON,WAE,London
WATERLOO (MERSEYSIDE),WLO,Waterloo
WATERLOO LONDON,WAT,London
WATFORD HIGH STREET,WFH,Watford
WATFORD JUNCTION,WFJ,Watford
WATFORD NORTH,WFN,Watford
WATLINGTON,WTG,Watlington
WATTON-AT-STONE,WAS,Watton-At-Stone
WAUNGRON PARK <FAIRWATER>,WNG,Waungron Park
WAVERTREE TECHNOLOGY PARK,WAV,Wavertree
WEDGWOOD,WED,Wedgwood
WEELEY,WEE,Weeley
WEETON,WET,Weeton
WELHAM GREEN,WMG,Welham Green
WELLING,WLI,Welling
WELLINGBOROUGH,WEL,Wellingborough
WELLINGTON,WLN,Wellington
WELSHPOOL,WLP,Welshpool
WELWYN GARDEN CITY,WGC,Welwyn Garden City
WELWYN NORTH,WLW,Welwyn
WEM,WEM,Wem
WEMBLEY CENTRAL,WMB,Wembley
WEMBLEY STADIUM,WCX,Wembley
WEMYSS BAY,WMS,Wemyss Bay
WENDOVER,WND,Wendover
WENNINGTON,WNN,Wennington
WEST ALLERTON,WSA,West Allerton
WEST BROMPTON,WBP,Brompton
WEST BYFLEET,WBY,West Byfleet
WEST CALDER,WCL,Livingston
WEST CROYDON,WCY,Croydon
WEST DRAYTON,WDT,West Drayton
WEST DULWICH,WDU,Dulwich
WEST EALING,WEA,Ealing
WEST HAM,WEH,West Ham
WEST HAMPSTEAD,WHD,West Hampstead
WEST HAMPSTEAD THAMESLINK,WHP,West Hampstead
WEST HORNDON,WHR,West Horndon
WEST KILBRIDE,WKB,West Kilbride
WEST KIRBY,WKI,West Kirby
WEST MALLING,WMA,West Malling
WEST NORWOOD,WNW,West Norwood
WEST RUISLIP,WRU,Ruislip
WEST RUNTON,WRN,West Runton
WEST ST LEONARDS,WLD,St Leonards
WEST SUTTON,WSU,Sutton
WEST WICKHAM,WWI,West Wickham
WEST WORTHING,WWO,Worthing
WESTBURY WILTS,WSB,Westbury
WESTCLIFF,WCF,Westcliff-On-Sea
WESTCOMBE PARK,WCB,Westcombe Park
WESTENHANGER,WHA,Westenhanger
WESTER HAILES,WTA,Wester Hailes
WESTERFIELD,WFI,Westerfield
WESTERTON,WES,Westerton
WESTGATE-ON-SEA,WGA,Westgate-On-Sea
WESTHOUGHTON,WHG,Westhoughton
WESTON MILTON,WNM,Weston-Super-Mare
WESTON-SUPER-MARE,WSM,Weston-Super-Mare
WETHERAL,WRL,Wetheral
WEYBRIDGE,WYB,Weybridge
WEYMOUTH,WEY,Weymouth
WHALEY BRIDGE,WBR,Whaley Bridge
WHALLEY,WHE,Whalley
WHATSTANDWELL,WTS,Whatstandwell
WHIFFLET,WFF,Coatbridge
WHIMPLE,WHM,Whimple
WHINHILL,WNL,Greenock
WHISTON,WHN,Whiston
WHITBY,WTB,Whitby
WHITCHURCH (HAMPSHIRE),WCH,Whitchurch
WHITCHURCH (SHROPSHIRE),WTC,Whitchurch
WHITCHURCH (SOUTH GLAMORGAN),WHT,Whitchurch
WHITE HART LANE,WHL,Tottenham
WHITE NOTLEY,WNY,White Notley
WHITECHAPEL,ZLW,Whitechapel
WHITECRAIGS,WCR,Whitecraigs
WHITEHAVEN,WTH,Whitehaven
WHITLAND,WTL,Whitland
WHITLEY BRIDGE,WBD,Whitley Bridge
WHITLOCKS END,WTE,Major's Green
WHITSTABLE,WHI,Whitstable
WHITTLESEA,WLE,Whittlesea
WHITTLESFORD PARKWAY,WLF,Whittlesford
WHITTON,WTN,Whitton
WHITWELL (DERBYS),WWL,Whitwell
WHYTELEAFE,WHY,Whyteleafe
WHYTELEAFE SOUTH,WHS,Whyteleafe
WICK,WCK,Wick
WICKFORD,WIC,Wickford
WICKHAM MARKET,WCM,Campsea Ashe
WIDDRINGTON,WDD,Widdrington
WIDNES,WID,Widnes
WIDNEY MANOR,WMR,Solihull
WIGAN NORTH WESTERN,WGN,Wigan
WIGAN WALLGATE,WGW,Wigan
WIGTON,WGT,Wigton
WILDMILL,WMI,Wildmill
WILLENHALL,WIA,Willenhall
WILLESDEN JUNCTION,WIJ,Harlesden
WILLIAMWOOD,WLM,Williamwood
WILLINGTON,WIL,Willington
WILMCOTE,WMC,Wilmcote
WILMSLOW,WML,Wilmslow
WILNECOTE,WNE,Tamworth
WIMBLEDON,WIM,Wimbledon
WIMBLEDON CHASE,WBO,Wimbledon
WINCHELSEA,WSE,Winchelsea
WINCHESTER,WIN,Winchester
WINCHFIELD,WNF,Winchfield
WINCHMORE HILL,WIH,Winchmore Hill
WINDERMERE,WDM,Windermere
WINDSOR & ETON CENTRAL,WNC,Windsor & Eton Central
WINDSOR & ETON RIVERSIDE,WNR,Windsor
WINNERSH,WNS,Winnersh
WINNERSH TRIANGLE,WTI,Winnersh
WINSFORD,WSF,Winsford
WINSLOW,WNO,Winslow
WISHAW,WSH,Wishaw
WITHAM,WTM,Witham
WITLEY,WTY,Wormley
WITTON BIRMINGHAM,WTT,Birmingham
WIVELSFIELD,WVF,Burgess Hill
WIVENHOE,WIV,Wivenhoe
WOBURN SANDS,WOB,Woburn Sands
WOKING,WOK,Woking
WOKINGHAM,WKM,Wokingham
WOLDINGHAM,WOH,Woldingham
WOLVERHAMPTON,WVH,Wolverhampton
WOLVERTON,WOL,Wolverton
WOMBWELL,WOM,Wombwell
WOOD END,WDE,Tanworth-In-Arden
WOOD STREET,WST,Walthamstow
WOODBRIDGE,WDB,Woodbridge
WOODGRANGE PARK,WGR,Manor Park
WOODHALL PORT GLASGOW,WDL,Port Glasgow
WOODHOUSE,WDH,Woodhouse
WOODLESFORD,WDS,Woodlesford
WOODLEY,WLY,Woodley
WOODMANSTERNE,WME,Coulsdon
WOODSMOOR,WSR,Woodsmoor
WOOL,WOO,Wool
WOOLSTON,WLS,Woolston
WOOLWICH ARSENAL,WWA,Woolwich
WOOLWICH DOCKYARD,WWD,Woolwich
WOOLWICH EL,WWC,Woolwich (Elizabeth Line)
WOOTTON WAWEN,WWW,Wootton Wawen
WORCESTER FOREGATE STREET,WOF,Worcester
WORCESTER PARK,WCP,Worcester Park
WORCESTER SHRUB HILL,WOS,Worcester Shrub Hill
WORCESTERSHIRE PARKWAY,WOP,Norton
WORKINGTON,WKG,Workington
WORKSOP,WRK,Worksop
WORLE,WOR,Weston-Super-Mare
WORPLESDON,WPL,Worplesdon
WORSTEAD,WRT,Worstead
WORTHING,WRH,Worthing
WRABNESS,WRB,Wrabness
WRAYSBURY,WRY,Wraysbury
WRENBURY,WRE,Wrenbury
WRESSLE,WRS,Wressle
WREXHAM CENTRAL,WXC,Wrexham
WREXHAM GENERAL,WRX,Wrexham
WYE,WYE,Wye
WYLAM,WYM,Wylam
WYLDE GREEN,WYL,Wylde Green
WYMONDHAM,WMD,Wymondham
WYTHALL,WYT,Wythall
YALDING,YAL,Yalding
YARDLEY WOOD,YRD,Yardley Wood
YARM,YRM,Yarm
YATE,YAE,Yate
YATTON,YAT,Yatton
YEOFORD,YEO,Yeoford
YEOVIL JUNCTION,YVJ,Stoford
YEOVIL PEN MILL,YVP,Yeovil
YETMINSTER,YET,Yetminster
YNYSWEN,YNW,Ynyswen
YOKER,YOK,Yoker
YORK,YRK,York
YORTON,YRT,Yorton
YSTRAD MYNACH,YSM,Ystrad Mynach
YSTRAD RHONDDA,YSR,Ystrad Rhondda
